Information Technology Quality Assurance;Adiwisista Finansial Teknologi;IDR5.000.000 - 10.000.000;Bandung
Sales Team Lead;Jakmall.com;IDR5.000.000 - 6.000.000;Jakarta
Performance Marketing Officer;CV. Manna Indo Lakta;IDR4.000.000 - 5.000.000;Surabaya
Sales Executive;PT Jakarta Digital Nusantara;IDR4.000.000 - 5.000.000;Jakarta
Senior Interior Design;KGG;null;Surabaya
Partnership Associate (Yogyakarta Based);PT Cerdas Digital Nusantara (CAKAP);null;Yogyakarta
Campaign Strategic Planner;Jakmall.com;null;Jakarta
Performance Marketing Specialist;PT Qwords Company International;null;Jakarta
Sales Executive;Pt. Day Trans;null;Jakarta
Account Officer (Surabaya);Pt. Carsome Indonesia;null;Surabaya
International Business Development Supervisor;Porto Indonesia Sejahtera;null;Penjaringan, Jakarta
Design Graphic;Griya Persada Hotel;null;Yogyakarta
Digital Marketing supervisor;Porto Indonesia Sejahtera;null;Jakarta
IT Business Analyst;PT. Citta Parama Guna;null;Jakarta
Sales Supervisor;Pt Quanta Land Indonesia;null;Tangerang
Sales Executive;PT Dutakom Wibawa Putra (DWP);IDR100 - 200;Surabaya
Sales Promotion Store;PT Dior Linen Sentosa;IDR2.500 - 2.600;Denpasar
Marketing Officer (Manado Area);PT MNC Insurance Indonesia;null;Manado
(JV2211009) Account Officer - Sales - Bandung;PT. Asuransi Bintang Tbk;null;Bandung
Intermediate Interior Designer;KGG;null;Surabaya
Brand Manager;PT Altama Surya Anugerah;null;Jakarta
Marketing Manager;Pt Quanta Land Indonesia;null;Tangerang
Art Director;Howel And Co;null;Jakarta
Database Administrator;PT. Mandiri International Technology;null;Jakarta
Web Hosting Customer Success Specialist - Global Team;Niagahoster;IDR5.100.000 - 5.955.000;Yogyakarta
Finance and Tax;PT Sentra Aktiva Indonesia;IDR5.000.000 - 7.000.000;Jakarta
Business Development and Partnership;Hon&yan;IDR5.000.000 - 6.000.000;Penjaringan, Jakarta
Staff Quality Control Garment;Putri Mandira;IDR3.000.000 - 3.500.000;Kembangan, Jakarta
Content Writer Intern;Compas.co.id;IDR100.000 - 700.000;Tanah Abang, Jakarta
System Engineer;PT Aku Pintar Indonesia;null;Jakarta
Internship Administration (Company Workshop);Idein Branding & Advertising;null;Cengkareng, Jakarta
Merchant Acquisition;PT Luar Biasa Teknologi;IDR4.000.000 - 6.000.000;Yogyakarta
Admin Intern;Compas.co.id;IDR100.000 - 700.000;Jakarta
Accounting Officer;PT Jaya Mulia Permata;IDR4.000.000 - 5.600.000;Surabaya
Digital Marketing Specialist;PT. Indo Teknologi Utama;null;Tanah Abang, Jakarta
Sales Executive;PT. Inti Digital Logistik (LODI Indonesia);null;Kuningan, Jakarta
Sales Marketing Staff;PT Mikha Karya Persada;IDR4.000.000 - 5.000.000;Kebayoran Lama, Jakarta
Graphic Designer;PT Mikha Karya Persada;IDR4.200.000 - 5.500.000;Kebayoran Lama, Jakarta
STAFF ADMINISTRASI;PT. Scuro Lavino,;IDR3.600.000 - 4.000.000;Cengkareng, Jakarta
TELEMARKETING;PT Cyber Futures Jakarta;IDR3.000.000 - 15.000.000;Kuningan, Jakarta
Koordinator/Admin Produksi;Putri Mandira;IDR3.000.000 - 3.500.000;Kembangan, Jakarta
Agent Collection;PT Luar Biasa Teknologi;IDR2.154.000 - 4.000.000;Yogyakarta
Remote Web Designer;Pt Kledo Berhati Nyaman;IDR2.500.000;Yogyakarta
Bootcamp Quality Assurance Engineer (Fresh Graduated);Coding.id;null;Tangerang
Sales Admin;Bisnis Integrasi Global;null;Jakarta
Human Resource;Magang Jogja;null;Yogyakarta
Desain grafis / digital marketing / konten creator;PT. Victory International Futures Group;IDR100 - 200;Surabaya
Product Manager (Intern);Kitalulus;null;Jakarta
Management Development Program;Solid Gold Berjangka;null;Tanah Abang, Jakarta
Quality Assurance (Manual Testing);Pt Cipta Piranti Sejahtera;null;Tangerang
Staff Admin Online;MailTank Indonesia;IDR1.800.000 - 2.500.000;Tangerang
Marketing Internship;DROPICTS;IDR100 - 200;Kebayoran Lama, Jakarta
REMOTE LARAVEL DEVELOPER;Pt Kledo Berhati Nyaman;IDR2.000.000 - 5.000.000;Yogyakarta
ADMIN UMUM;PT Indo Megah Abadi;IDR1.000.000 - 2.000.000;Bekasi
Digital Marketing;Hon&yan;IDR5.000.000 - 7.000.000;Penjaringan, Jakarta
Forex Investment Trader;AWE Global Investments Pte Ltd;IDR5.000.000 - 8.000.000;Jakarta
Photo Editor - Day Shift;Mindreach Consulting;IDR4.000.000 - 5.500.000;Kebon Jeruk, Jakarta
Graphic Designer;Ayo Bantu Indonesia;null;Senayan
Sales Executive;PT Jaya Mulia Permata;IDR5.000.000 - 7.000.000;Jatinegara, Jakarta
Graphic Designer Internship;Catika Group;null;Tangerang
Business Development;Hejo Eatery;IDR1.800.000 - 5.000.000;Bandung
Roastery Sales Manager;PT. Kopi Kina Indonesia;IDR7.000.000 - 8.000.000;Matraman, Jakarta
Conservation Acquisition Representative - Jakarta;Yayasan Konservasi Alam Nusantara;IDR3.500.000 - 7.000.000;Jakarta
Social Media Specialist;Hon&yan;IDR4.500.000 - 5.000.000;Penjaringan, Jakarta
Administrasi;Magang Jogja;null;Yogyakarta
Bootcamp Fullstack Engineer (Fresh Graduated);Coding.id;null;Tangerang
Sales Executive;PT Jaya Mulia Permata;IDR5.000.000 - 7.000.000;Surabaya
Admin Account Auction Staff;PT. Balai Lelang Caready;IDR4.800.000 - 5.000.000;Bekasi
Business Development Specialist;Mypru.net;null;Surabaya
Telemarketing;PT Manxi Image Perkasa;IDR1.000.000 - 8.000.000;Solo
Marketing Communication;PT. Madev Kreatif Solusi;IDR5.000.000 - 6.000.000;Jakarta
Web Developer Bootstrap;PT Suvarna Media Informatika;IDR4.500.000 - 7.000.000;Jakarta
UI/UX Designer;Magang Jogja;null;Yogyakarta
Digital Hybrid Agency;PFI Mega Life Insurance;null;TB Simatupang, Jakarta
User Acquisition;PT Luar Biasa Teknologi;IDR3.000.000 - 6.000.000;Yogyakarta
HR Manager;Cleora Beauty;null;Bandung
STAFF PURCHASING;PT. Jaya Pratama Groserindo Bali;null;Denpasar
Content Creator;Mie Pedes AA;IDR100 - 4.500.000;Jakarta
Data Analyst;PT Markaz Jalan Bersama;IDR6.000.000;Tangerang
SUPERVISOR SALES PROPERTY;PT Indo Megah Abadi;IDR7.000.000 - 15.000.000;Bogor
General Administrasi;PT GRAND TIRTA REALTY;IDR2.100.000 - 2.500.000;Yogyakarta
Guru Desain Grafis;PT Gapai Cita Rahardjo;IDR2.000.000 - 3.000.000;Yogyakarta
Senior Digital Marketing Strategist- English CV only;Data Arts Xperience;IDR10.000.000 - 30.000.000;Jakarta
Data Engineer;PT Avows Technologies;IDR8.000.000 - 14.000.000;Jakarta
Marketing Specialist;Solid Gold Berjangka;null;Tanah Abang, Jakarta
TEKNISI;PT. MODULE INTRACS YASATAMA;IDR4.377.231 - 5.000.000;Depok
Accounting Supervisor;Pt Mahakarya Sukses Indonesia;null;Pademangan, Jakarta
Staff Marketing Communication;PT Hokinda Citralestari;null;Jakarta
Marketplace Operations;Hon&yan;IDR4.000.000 - 4.500.000;Penjaringan, Jakarta
SALES EXECUTIVE YOGYAKARTA;PT. Wickham International Indonesia;IDR2.800.000 - 6.000.000;Yogyakarta
TEKNISI;PT. MODULE INTRACS YASATAMA;IDR2.800.000 - 3.100.000;Semarang
KEPALA GUDANG (Penempatan Malang);Success Jaya Group;null;Malang
QA Automation;PT. Mandiri International Technology;null;Jakarta
Conservation Acquisition Representative - Bandung;Yayasan Konservasi Alam Nusantara;IDR3.500.000 - 7.000.000;Bandung
SOSMED MARKETING MANAGER;Pt Mahakarya Sukses Indonesia;IDR30.000.000 - 40.000.000;Pademangan, Jakarta
Finance;PT Atma Adhisarana Teknologi;null;Bandung
Enterprise Security Architect;Quadrant.io;SGD4.000 - 7.000;Jakarta
Warehouse Supervisor;PT Smoore Technology Indonesia;IDR5.000.000 - 10.000.000;Malang
Data Analyst Intern;Prihal Data;null;Bandung
Accounting Staff;Glass Pro Indonesia;IDR2.500.000 - 2.800.000;Surabaya
Content Creator/ Marketing Beauty;PT. Beautyline Abadi Indonesia;IDR2.000.000 - 3.000.000;Jakarta
BUSINESS CONSULTANT;PT Cyber Futures Jakarta;IDR3.000.000 - 15.000.000;Setiabudi, Jakarta
Data Analyst;Hon&yan;IDR4.500.000 - 5.000.000;Penjaringan, Jakarta
Team Leader Sales Perbankan;PT Sekaya Indonesia;null;Jakarta
Management Trainee;PT. Victory International Futures Group;IDR100 - 200;Surabaya
CHIEF / SENIOR ACCOUNTING (CSA);PT. TRIKARYA IDEA SAKTI;null;Jakarta
Content Writer;Magang Jogja;null;Yogyakarta
data scientist;Confidential Company;IDR30.000.000 - 40.000.000;Jakarta
Senior Backend Developer;SourceSage;SGD1.500 - 2.500;Jakarta
HR Manager;Starsight SHC;IDR5.000.000 - 30.000.000;Semarang
React JS Developer;PT Suvarna Media Informatika;null;Bekasi
Mobile Developer;AIA Singapore;SGD1.000 - 1.500;Batam
Backend Developer;AIA Singapore;SGD1.000 - 1.500;Batam
PROMOTOR STORE (SAHID J-WALK MALL);PT. Wickham International Indonesia;IDR2.100.000 - 3.800.000;Yogyakarta
Developer (Low Code Platform);ST Engineering;SGD2.000 - 4.000;Jakarta
Data Engineer;Quadrant.io;SGD2.500 - 3.000;Jakarta
Digital Ads Manager;Geezerbuild;SGD1.000 - 1.600;Jakarta
WEB DEVELOPER;PT. MODULE INTRACS YASATAMA;IDR7.000.000 - 9.000.000;Cikarang
DevOps Engineer;Ledr;SGD800 - 1.000;Batam
ReactJS Developer;AIA Singapore;SGD1.100 - 1.700;Batam
Junior Software Engineer, Full Stack;Synergy Financial Advisers;SGD800 - 950;Batam
Ios Developer;KREDINESIA (PT. Kreditku Teknologi Indonesia);IDR13.000.000 - 15.000.000;Jakarta
Customer Service Online;PT Gapai Cita Rahardjo;IDR2.000.000 - 3.000.000;Yogyakarta
.NET Software Engineer;TechOne Global;SGD1.500 - 2.000;Jakarta
Call Center Sales;TPFx;null;Kuningan, Jakarta
Senior Accountant APAC;Nautic Asia;IDR10.000.000 - 15.000.000;Denpasar
Software Engineer Manager;Acalution;SGD3.000 - 5.000;Jakarta
Odoo Development;idsolutions.id (Inovasi Dinamika Solusi);IDR6.000.000 - 7.000.000;Bandung
Software Engineer;Vanguard International Semiconductor;SGD1.000 - 1.200;Batam
Web Developer;Citrus Media (Active Client);SGD700 - 1.000;Jakarta
Graphic Designer;Citrus Media (Active Client);SGD700 - 1.000;Jakarta
Sales Manager B2B;Pt Mahakarya Sukses Indonesia;IDR10.000.000 - 15.000.000;Pademangan, Jakarta
Management Trainee;PT ELANG MANAJEMEN INVESTASI;IDR5.000.000 - 12.000.000;Penjaringan, Jakarta
HUMAN RESOURCES AND RECRUITMENT INTERN;PT. Medika Nusantara Gumilang;null;Jakarta
Sales;MailTank Indonesia;IDR3.500.000 - 4.000.000;Tangerang
QA Engineer (Junior);Synergy Financial Advisers;SGD1.000 - 1.000;Batam
Sharepoint Developer;TechOne Global;SGD2.000 - 2.500;Jakarta
Mid Java Developer - KV;AIA Singapore;SGD900 - 1.700;Batam
Math Teacher;HIGGZ ACADEMIA TECHNOLOGY PTE. LTD.;IDR2.000.000 - 5.000.000;Idi Rayeuk
IT Support;Mindreach Consulting;IDR4.000.000 - 4.642.000;Kebon Jeruk, Jakarta
Network Engineer;ANTlabs;SGD5.000 - 7.000;Jakarta
Operations and Infrastructure Engineer;Marvelsoft (Active Client);SGD1.500 - 2.500;Jakarta
Finance Director;Confidential Company;IDR90.000.000 - 90.000.000;Jakarta
Cloud Architect;NetWeb Pte. Ltd.;SGD1.000 - 5.000;Jakarta
Customer Data Engineer;GoDigital Media Group;SGD1.000 - 3.000;Batam
Property Marketing Consultant;PT Pilar Alam Properti;IDR3.000.000 - 4.000.000;Bogor
HRD Recruitment;PT. Victory International Futures Group;null;Surabaya
General Manager;Starsight SHC;IDR5.000.000 - 30.000.000;Semarang
FAT Manager;Starsight SHC;IDR5.000.000 - 30.000.000;Semarang
Senior Account Manager;Confidential Company;IDR6.000.000 - 9.000.000;Cirebon
Senior Data Engineer;Quadrant.io;SGD4.500 - 5.000;Batam
Mobile App Developer;PT. MODULE INTRACS YASATAMA;IDR7.000.000 - 10.000.000;Cikarang
Business Channel Executive;Beaufort;SGD600 - 800;Batam
Front End Developer;SGSM Technologies;SGD1.000 - 1.200;Jakarta
Senior Software Engineer;The Software Practice (Direct Hire Client);SGD1.000 - 3.500;Jakarta
Head of Customer Success;Confidential Company;IDR50.000.000 - 70.000.000;Jakarta
Content Moderator;Gear Inc.;IDR3.500.000 - 4.300.000;Surabaya
Scratch Tutor;Kodland Indonesia;IDR90.000;Jakarta
2D Visual Animator;JIN Design;IDR20.000.000 - 31.000.000;Abang
Digital Designer;TVS Digital Pte. Ltd.;SGD700 - 1.200;Jakarta
Account Executive;PT Cakrawala Bumi Estetika;IDR5.000.000 - 7.000.000;Menteng, Jakarta
Creative Assistant;PT. Surya Lintas Pasifik;IDR3.500.000 - 4.300.000;Surabaya
Lead Advisory;Confidential Company;IDR45.000.000 - 45.000.000;Jakarta
Senior Mobile Engineer;M-Daq Global;SGD2.000 - 4.500;Batam
Engineering Manager;M-Daq Global;SGD2.000 - 4.500;Batam
Senior Software Developers;M-Daq Global;SGD2.000 - 4.500;Batam
PHPDev / Analyst Programmer;AutoWealth;SGD600 - 1.000;Batam
Country Manager (Sales);CDN Lighting;IDR20.000.000 - 30.000.000;Jakarta
Head of Investment Banking;Confidential Company;IDR50.000.000 - 100.000.000;Jakarta
DCTSM;ST Telemedia Global Data Centres;IDR45.000.000 - 45.000.000;Jakarta
General Affair;PT. Victory International Futures Group;null;Surabaya
Product Homecare Partner Recruitment Intern;PT. Medika Nusantara Gumilang;null;Jakarta
Fullstack Developer;MRC Ventures;SGD2.500 - 5.400;Batam
Social Media Marketing;Impcubate Holdings Pte Ltd;SGD800 - 1.600;Jakarta
Finance Manager;devisjaya.co.id;IDR8.000.000 - 11.000.000;Jakarta
Game Programmer;Affyn;SGD1.000 - 2.500;Batam
Game 3D Animator;Affyn;SGD1.000 - 2.500;Batam
PROMOTER STORE (SOLO PARAGON);PT. Wickham International Indonesia;IDR2.100.000 - 5.000.000;Solo
System Engineer;Cargo Community Network / CCN (Active Client);SGD800 - 1.500;Batam
Senior Account Manager;J&K Consulting;SGD1.000 - 3.000;Batam
Social Media and Content Marketer;Epic Dialogue;SGD800 - 1.200;Batam
Senior UX/UI designer;Hyge;SGD1.000 - 2.000;Batam
Backend Developer;PT Akseleran Keuangan Inklusif Indonesia;IDR9.000.000 - 20.000.000;Jakarta
Contract Engineer (Procurement);Confidential Company;SGD2.000 - 2.500;Batam
Unity Developer;Alpha AI;USD2.500 - 3.500;Jakarta
Solutions Architect/Solution Consultant (Under Firium);Confidential Company;IDR25.000.000 - 60.000.000;Jakarta
Research & Development (Formulasi);Bening Cahaya Mandiri;IDR7.000.000 - 10.000.000;Bandung
Database Engineer;Confidential Company;IDR20.000.000 - 55.000.000;Jakarta
Mobile IOS;Confidential Company;IDR20.000.000 - 55.000.000;Jakarta
Sr. React JS Developer;AIA Singapore;SGD1.500 - 2.500;Batam
Fullstack Developer (.Net & React);Cargo Community Network / CCN (Active Client);SGD1.000 - 1.500;Batam
Fullstack Developer Javascript;Cargo Community Network / CCN (Active Client);SGD1.000 - 1.500;Batam
Backend Developer (Python, Django or PHP);Rudra Tech Pte. Ltd.;SGD800 - 1.600;Jakarta
React Native Engineer;Rudra Tech Pte. Ltd.;SGD800 - 1.600;Jakarta
React Native Engineer;SOLO Pte Ltd;SGD800 - 1.600;Jakarta
Sales Marketing Pasar Tradisional Jakarta;Cv Sumatera Indah Production;IDR3.000.000 - 4.000.000;Jakarta
Back End Developer (Java);Confidential Company;SGD2.000 - 2.500;Batam
Front End Developer (ReactJS);Confidential Company;SGD2.000 - 2.500;Batam
Front End;Confidential Company;SGD1.500 - 2.500;Batam
Back End Developer (Go, Node);Confidential Company;SGD1.500 - 2.500;Batam
QA Engineer;ProSpace;SGD1.000 - 2.200;Batam
Country Manager;Confidential Company;IDR30.000.000 - 40.000.000;Jakarta
Quantity Surveyor;Confidential Company;IDR4.000.000 - 6.000.000;Surabaya
CRM Marketer;Lili;SGD800 - 1.300;Jakarta
Backend Developer;LoraTech AI;SGD1.500 - 2.500;Jakarta
Customer Service Executive;Academia Pte Ltd;SGD800 - 1.000;Jakarta
Lead Backend;PT Akseleran Keuangan Inklusif Indonesia;IDR20.000.000 - 32.000.000;Jakarta
Online English Teacher - Part Time;PT Gapai Cita Rahardjo;IDR100 - 200;Yogyakarta
Accounting Staff Pajak;PT. Makmur Abadi Puri;null;Jakarta
Associate Director;Akrivia HCM;SGD1.500 - 2.800;Jakarta
.NET Developer;NexG / FleetnexG;SGD1.500 - 2.000;Jakarta
Event Promoter;PT Stress Management Indonesia;null;Palembang
Interior Design;Attitude Asia Interiors;SGD1.100 - 1.500;Jakarta
Marketing Administration;Confidential Company;IDR10.000.000 - 20.000.000;Jakarta
TELESALES;PT Cyber Futures Jakarta;IDR3.000.000 - 15.000.000;Kuningan, Jakarta
Fullstack Developer;Hyge;SGD1.500 - 3.000;Jakarta
React Native;OnLoop;SGD1.500 - 4.500;Batam
QA Automation;Cargo Community Network / CCN (Active Client);SGD900 - 1.200;Batam
QA Tester/Lead (Games);Affyn;SGD1.500 - 3.000;Batam
Senior Game Designer;Affyn;SGD1.500 - 3.000;Batam
Consulting-Operation Specialist;J&K Consulting;SGD1.000 - 2.000;Batam
PHP Developer;Onyx Island Pte. Ltd;SGD1.000 - 1.200;Batam
Senior DevOps Engineer;Hysn Pte Ltd;SGD1.000 - 2.000;Yogyakarta
Flutter Developer;SUAVX;SGD600 - 1.300;Jakarta
Backend Engineer;Undercurrent Capital;SGD1.000 - 2.500;Jakarta
Field sales executive;PT. Indosopha Sakti;IDR7.000.000 - 10.000.000;Sofifi
Azure Consultant;TechOne Global;IDR15.000.000 - 40.000.000;Jakarta
Cloud Security Consultant;TechOne Global;IDR15.000.000 - 40.000.000;Jakarta
Midde Manual QA;GoDigital Media Group;SGD1.000 - 5.000;Batam
Manager Produksi;Confidential Company;IDR8.000.000 - 10.000.000;Bandung
Medical Representative;Confidential Company;IDR9.000.000 - 15.000.000;Bandung
Software Engineer (.NET);Lyte Ventures;SGD1.500 - 4.000;Batam
Creative Director;PT Shafira Apparel Indonesia;IDR15.000.000 - 45.000.000;Bandung
IT Project Manager;Confidential Company;IDR10.000.000 - 15.000.000;Surabaya
Senior Developer;MoolahGo;IDR20.000.000 - 30.000.000;Batam
Senior Programmer;Vanguard International Semiconductor;SGD2.000 - 2.500;Jakarta
Mid level Developer;Alltitudes;IDR15.000.000 - 20.000.000;Jakarta
Web Developer;PT Bioenergi Internasional;IDR5.000.000 - 6.000.000;Yogyakarta
Senior Unity Developer;Maleo;IDR15.000.000 - 20.000.000;Jakarta
Junior Full Stack Developer;Hysn Pte Ltd;SGD800 - 1.000;Yogyakarta
Engineer/Analyst - Infrastructure Support Analyst;AIA Singapore;SGD1.100 - 1.400;Batam
Application Analyst;Cargo Community Network / CCN (Active Client);SGD1.800 - 2.000;Batam
Sourcing Executive;Confidential Company;SGD1.200 - 1.500;Batam
Senior Full Stack Engineer;Hysn Pte Ltd;SGD1.000 - 2.000;Yogyakarta
Teknisi IT Jaringan Wiring dan Software (Surabaya);CV. Mitra Berkat Bersama;IDR2.000.000 - 2.600.000;Surabaya
Senior Frontend Developer;GANK Global;SGD1.500 - 2.000;Jakarta
Senior Full Stack Engineer;Quadrant.io;SGD2.000 - 3.500;Jakarta
Customer Service;WATSONS SINGAPORE;SGD600 - 1.000;Batam
Fullstack Developer;Viatick;SGD1.500 - 2.500;Jakarta
Test Engineer;Geteasycash;SGD1.000 - 2.500;Batam
RnD Manager;Confidential Company;IDR20.000.000 - 40.000.000;Bogor
Manager, Merchandiser Brand;PT Shafira Apparel Indonesia;IDR15.000.000 - 35.000.000;Bandung
IT Compliance Analyst;AIA Singapore;SGD1.300 - 1.600;Batam
Sr. People Happiness Manager;Jublia;SGD1 - 1.500;Jakarta
Sales Managed Lead;Confidential Company;IDR10.000.000 - 25.000.000;Jakarta
Fullstack Developer;The Assembly Place;SGD1.500 - 2.200;Batam
Marketing Executive;PT Mega International;IDR7.000.000 - 7.000.000;Jakarta
UX Designer;DeliverIT;SGD700 - 900;Batam
Software Engineer;Ledr;SGD800 - 1.000;Jakarta
Webapp Developer;BIPO (PT BIPO Service Indonesia);SGD1.000 - 1.500;Jakarta
Project Manager;Jublia;SGD1.000 - 2.000;Tangerang
CAD Designer;Attitude Asia Interiors;SGD1.200 - 1.400;Jakarta
Telemarketing;PT Bioenergi Internasional;IDR4.000.000 - 5.000.000;Yogyakarta
Application Specialist;Stamford American International School;IDR15.000.000 - 17.000.000;Jakarta
Content Creator;Lamonte Mode;null;Depok
Senior iOS Developer;AIA Singapore;SGD1.500 - 3.000;Batam
Senior MERN;MRC Ventures;SGD2.500 - 2.800;Batam
Tech Lead;Confidential Company;IDR15.000.000 - 26.000.000;Jakarta
Supply Chain Manager;Confidential Company;IDR15.000.000 - 30.000.000;Jakarta
Area Marketing Manager - Medan;PT Wismilak Inti Makmur,Tbk;IDR15.000.000 - 20.000.000;Medan
Product Operation/Operation Manager;Nanyang Bridge Media;IDR15.000.000 - 20.000.000;Jakarta
Content Creator;Pt Laku Indonesia;IDR2.000.000 - 4.000.000;Bandung
Area Marketing Manager - Bandung;PT Wismilak Inti Makmur,Tbk;IDR15.000.000 - 20.000.000;Bandung
Agen Manager - Pekanbaru;PT Wismilak Inti Makmur,Tbk;IDR15.000.000 - 20.000.000;Pekanbaru
Agen Manager - Kalimantan;PT Wismilak Inti Makmur,Tbk;IDR15.000.000 - 20.000.000;Banjarmasin
Business Development;Confidential Company;IDR8.500.000 - 9.500.000;Jakarta
Data Analyst;Dkatalis;IDR20.000.000 - 25.000.000;Jakarta
Sales Operation Head;Confidential Company;IDR15.000.000 - 40.000.000;Jakarta
Account Executive;Socialights;IDR5.500.000 - 7.500.000;Mampang Prapatan, Jakarta
Content Creator for Beauty Clinic;PT. Beautyline Abadi Indonesia;IDR5.000.000 - 6.500.000;Jakarta
Backend Engineer Java;ProSpace;SGD1.000 - 2.000;Batam
Junior Full Stack Developer;KOSSIE;USD800 - 1.000;Jakarta
Business Development;PT Tracol Asia Indonesia;IDR15.000.000 - 20.000.000;Jakarta
Business Development;Alan Creative;IDR7.000.000 - 10.000.000;Depok
Operation;Lili;SGD500 - 600;Jakarta
Customer Service Agent;Lili;SGD500 - 600;Jakarta
Public Relation;PT. Victory International Futures Group;null;Surabaya
Assistant Ops Manager;PT Astronacci International;IDR7.000.000 - 10.000.000;Jakarta
IT Development Mgr;PT. Indosopha Sakti;IDR20.000.000 - 26.000.000;Jakarta
Fullstack Developer (R);AIA Singapore;SGD1.000 - 1.900;Batam
Freelance Content Creator;The Fashion Fairy;null;Tangerang
Sales Executive;Tractors Machinery International;SGD800 - 1.000;Batam
Backend Developer;Hydra X;IDR15.000.000 - 20.000.000;Batam
IT Supervisor;PT Mega International;IDR8.000.000 - 11.000.000;Jakarta
MANAGER SALES PROPERTY;PT Indo Megah Abadi;IDR7.000.000 - 15.000.000;Bogor
Sales & Marketing Manager;PT Arah Environmental Indonesia;IDR20.000.000 - 25.000.000;Jakarta
Operation Manager;Confidential Company;IDR15.000.000 - 25.000.000;Jakarta
Finance Controller;Confidential Company;IDR20.000.000 - 30.000.000;Jakarta
System Analyst;Confidential Company;IDR10.000.000 - 15.000.000;Denpasar
Senior Administrative Assistant;PT. Multiguna Anugerah MGA Racing;IDR7.000.000 - 9.000.000;Jakarta
Full stack Mobile Developer;Confidential Company;IDR15.000.000 - 30.000.000;Jakarta
Senior Product Manager;Confidential Company;IDR20.000.000 - 25.000.000;Tangerang
Software Engineer;TVS Digital Pte. Ltd.;SGD800 - 1.300;Jakarta
Personal Assistant to CEO;Hon&yan;IDR5.000.000 - 7.000.000;Penjaringan, Jakarta
Financial Consultant;PT Valbury Asia Futures;IDR2.500.000 - 5.000.000;Kuningan, Jakarta
Outsystems Developer;Accenture;SGD1.000 - 2.500;Batam
Android Developer;Geteasycash;SGD1.000 - 2.500;Batam
Java Developer;Geteasycash;SGD1.000 - 2.500;Batam
Web Developer;Geteasycash;SGD1.000 - 2.500;Batam
Software and Data Engineer;PT Maxmar Akuakultur 1st;IDR12.000.000 - 16.000.000;Tangerang
Senior .NET Backend Engineer;PT Qeon Interactive;IDR20.000.000 - 27.000.000;Jakarta
Application Maintenance Support Engineer;Accenture;SGD1.000 - 2.500;Batam
Talent, People & Organization Development Manager;PT Tunas Ridean, Tbk;IDR20.000.000 - 25.000.000;Jakarta
Graphic Designer (Remote);ApeWorks;SGD1.500 - 2.000;Jakarta
Production Manager - Pematang Siantar;PT Karyabhakti Manunggal;IDR15.000.000 - 20.000.000;Purbalingga
Graphic Designer;Confidential Company;SGD800 - 1.100;Jakarta
QA Manual Non-Payroll;Confidential Company;IDR10.000.000 - 15.000.000;Jakarta
Media and Partnership Manager;CISDI;IDR18.000.000 - 22.000.000;Jakarta
Automated QA Engineer;Hydra X;IDR13.000.000 - 18.000.000;Jakarta
Quality Assurance (QA) Tester;Accenture;IDR10.000.000 - 25.000.000;Batam
Fullstack Developer;AIA Singapore;SGD1.000 - 1.500;Batam
Business Development Manager;Headout;IDR10.000.000 - 25.000.000;Jakarta
API Tech Lead;Confidential Company;IDR15.000.000 - 20.000.000;Jakarta
Fullstack Developer;HaruPlate;SGD1.500 - 2.500;Jakarta
Business Analyst;Id/x Partners;IDR7.000.000 - 18.000.000;Jakarta
Graphic Designer;Impcubate Holdings Pte Ltd;SGD1.000 - 1.200;Batam
Project Manager;Proxsis Group;IDR100 - 5.000.000;Jakarta
Database Developer;AIA Singapore;SGD1.000 - 2.000;Batam
Mid Java Developer - B;AIA Singapore;SGD800 - 1.500;Batam
QA Software Engineer;TVS Digital Pte. Ltd.;SGD1.000 - 2.000;Batam
QA / Test Engineer;ProSpace;SGD1.000 - 2.000;Batam
Teknisi (Mandarin speaker);PT GLOBAL MAKMUR INDAHTAMA;IDR5.000.000 - 10.000.000;Jakarta
Account Officer / Account Manager Factoring;Confidential Company;IDR5.000.000 - 17.000.000;Jakarta
Account Officer / Account Manager Factoring(Lending);Confidential Company;IDR5.000.000 - 17.000.000;Jakarta
Frontend Developer;Sprout Asia;SGD800 - 1.200;Batam
Team Leader Sales Perbankan;PT Sekaya Indonesia;null;Surabaya
Host Live;Scarlett Indonesia;IDR400 - 500;Cengkareng, Jakarta
Sales Executive Bekasi;PT Mitra Kerja Utama;IDR4.500.000 - 5.000.000;Bekasi
iOS Developer;GetGo Technologies Pte Ltd;SGD600 - 1.500;Jakarta
Sales Executive;PT Tracol Asia Indonesia;IDR10.000.000 - 15.000.000;Jakarta
Sales Lead;PT Tracol Asia Indonesia;IDR10.000.000 - 15.000.000;Jakarta
Quality Assurance;AIA Singapore;SGD1.000 - 1.500;Batam
Recruiter Officer;PT ELANG MANAJEMEN INVESTASI;IDR6.000.000 - 9.000.000;Penjaringan, Jakarta
System Administrator;Gear Inc.;IDR4.000.000 - 7.000.000;Surabaya
SQS Developer;AIA Singapore;SGD800 - 1.500;Batam
Senior Data Journalist;Tech in Asia;IDR12.000.000 - 18.000.000;Yogyakarta
Contect Creator Manager;Libby Baby Official;IDR10.000.000 - 12.000.000;Jakarta
Telemarketing;Pt Mahakarya Sukses Indonesia;null;Pademangan, Jakarta
Full-stacked Developer (Pimcore specialist);Confidential Company;IDR10.000.000 - 15.000.000;Denpasar
Full-stacked Developer (PHP & React);Confidential Company;IDR10.000.000 - 15.000.000;Denpasar
Senior Data Analyst;Confidential Company;IDR10.000.000 - 15.000.000;Denpasar
Backend Developer - (Remote);Dot Indonesia;null;Jakarta
Sales Manager;Cellcius Indoperkasa;IDR10.000.000 - 18.000.000;Tangerang
SUPERVISOR SALES PROPERTY;PT Indo Megah Abadi;IDR6.500.000 - 12.000.000;Bekasi
Content Creator;Confidential Company;IDR8.000.000 - 12.000.000;Jakarta
Maintenance Specialist (PM Tooling);Confidential Company;IDR10.000.000 - 13.000.000;Bekasi
React Native Developer;AIA Singapore;SGD1.500 - 2.000;Batam
Digital Sales Head;Confidential Company;IDR15.000.000 - 20.000.000;Bandung
Content Creator;The Fashion Fairy;IDR3.500.000 - 5.500.000;Tangerang
Account Manager (Account  Executive);Lenna.ai;IDR8.000.000 - 12.000.000;Tangerang
Sales Export Executive;PDS International Pte Ltd;SGD700 - 1.000;Banjarmasin
Social Media Marketing;Lilybelleclothing;IDR4.000.000 - 7.000.000;Tambora, Jakarta
Sales Development Representative;Miitel / RevComm Inc.;SGD1.000 - 1.500;Jakarta
Customer Success;Jublia;SGD1.000 - 1.500;Tangerang
Digital Marketing for Beauty Clinic;PT. Beautyline Abadi Indonesia;IDR6.000.000 - 8.000.000;Jakarta
Senior Account Executive (Chinese);Tellscore;IDR12.000.000 - 15.000.000;Jakarta
Sales Manager;Farsight Management;IDR7.000.000 - 10.000.000;Denpasar
Mobile Developer - Android;Speedwork Indonesia;IDR6.000.000 - 8.500.000;Jakarta
Data Analyst;Confidential Company;IDR6.000.000 - 7.000.000;Jakarta
ASM (Area Sales Manager) Pontianak;PT Djabesdepo Fortuna Raya (Rucika/DBO Group);IDR10.000.000 - 14.000.000;Pontianak
ASM (Area Sales Manager) Denpasar;PT Djabesdepo Fortuna Raya (Rucika/DBO Group);IDR10.000.000 - 14.000.000;Denpasar
Account Executive;Confidential Company;IDR7.000.000 - 12.000.000;Jakarta
iOS Developer (Remote);ProSpace;SGD800 - 1.000;Jakarta
Sr. Database Administrator;TOG Indonesia;IDR8.000.000 - 10.000.000;Jakarta
Manager RADIOTHERAPY Products;PT. Indosopha Sakti;IDR10.000.000 - 20.000.000;Jakarta
Interior Design Manager;PT Integriya Dekorindo;IDR10.000.000 - 15.000.000;Surabaya
People and Culture Officer;Rahsa Nusantara;null;Bandung
Art & Brand Director (Remote);HaruPlate;SGD1.000 - 2.000;Jakarta
QA Engineer;Confidential Company;IDR10.000.000 - 15.000.000;Jakarta
Sales Supervisor;EF English First (Swara Group);IDR6.000.000 - 6.000.000;Jakarta
Accounting and Tax Officer;Confidential Company;IDR8.000.000 - 9.000.000;Jakarta
Social Media Officer;The Fashion Fairy;null;Tangerang
Accounting;PT Astronacci International;null;Kelapa Gading, Jakarta
Finance and Accounting Staff;Pt. Mustafa Kuliner Indonesia;null;Jakarta
Cloud Consultant Trainer;Elite Academy;IDR10.000.000 - 12.000.000;Jakarta
Finance Manager;PT Mega International;IDR7.000.000 - 7.000.000;Jakarta
PROJECT MANAGER;PT Mega International;IDR7.000.000 - 7.000.000;Jakarta
Scrum Master;PT Avows Technologies;IDR9.000.000 - 13.000.000;Jakarta
Digital Marketing Manager;Confidential Company;IDR12.000.000 - 18.000.000;Jakarta
Brand Strategist Lead;Confidential Company;IDR10.000.000 - 11.000.000;Jakarta
HRD Staff;Success Jaya Group;null;Madiun
STAFF CHECKER;PT Luar Biasa Teknologi;IDR1.800.000 - 2.154.000;Yogyakarta
SALES MARKETING PROPERTY;PT Indo Megah Abadi;IDR1.000.000 - 7.000.000;Bekasi
Sales & Marketing Senior Staff (Biomass Machinery Specialist) Tangerang;PT Alpha Utama Mandiri;IDR8.000.000 - 10.000.000;Tangerang
Sales & Marketing Senior Staff (Biomass Machinery Specialist) Surabaya;PT Alpha Utama Mandiri;IDR8.000.000 - 10.000.000;Surabaya
Marketing Manager;Confidential Company;IDR7.000.000 - 10.000.000;Sidoarjo
Graphic / Brand Designer;PT Dua Naga Kosmetindo;IDR4.000.000 - 6.000.000;Surabaya
Infrastructure Engineer & Pre-Sales;DNE Technologies;IDR5.000.000 - 8.000.000;Jakarta
Accounting and Tax;Hon&yan;IDR4.000.000 - 5.000.000;Penjaringan, Jakarta
Internship Program (Magang);PT Gapai Cita Rahardjo;null;Yogyakarta
Backend Engineer;FOREXimf.com;IDR7.000.000 - 9.000.000;Bandung
Data Analyst;NucleusBI;SGD800 - 1.200;Jakarta
Sales Project Interior (Surabaya);Confidential Company;IDR8.000.000 - 12.000.000;Surabaya
Sales Project Interior (Jakarta);Confidential Company;IDR8.000.000 - 12.000.000;Jakarta
Field Sales / Sales Executive Jakarta;Confidential Company;IDR5.000.000 - 7.000.000;Jakarta
Sr Front End Engineer (ReactJS);Altech Omega Andalan, Pt;IDR8.500.000 - 18.000.000;Palmerah, Jakarta
Management Trainee Supervisor Operational;PT. Dewata Kencana Distribusi;IDR5.000.000 - 6.500.000;Surabaya
Android Frontend Developer;Pt Digital Talent Indonesia;IDR10.000.000 - 15.000.000;Jakarta
Sales Japanese Speaker;Iwata Bolt Indonesia;IDR6.500.000 - 8.000.000;Cikarang
Graphic Designer and Social Media Specialist;PT. Widya Presisi Solusi;IDR4.000.000 - 6.000.000;Bogor
Business Development Manager;PT.  Mutiara Pajajaran Multikarya;IDR8.000.000 - 12.000.000;Depok
Print Services Operator (Graphic Designer with PrePress experience);Confidential Company;IDR7.000.000 - 10.000.000;Denpasar
Guru Bahasa Inggris (Yogyakarta);PT Gapai Cita Rahardjo;IDR2.300.000 - 3.100.000;Yogyakarta
Content Writer;PT Digiafa Kreasi Nusantara;IDR500.000 - 1.000.000;Pati
Backend Developer;Beit Inovasi Tiwikrama;IDR6.000.000 - 9.000.000;Bogor
TALENT ACQUISITION SPECIALIST;Pt Orientama Makmur Abadi;IDR6.000.000 - 8.000.000;Jakarta
Sales Project;PT Griya Depo Nusantara;IDR4.500.000 - 7.000.000;Surabaya
Junior Developer;PT. Istidata Indopacific Solution Centre;IDR5.000.000 - 6.000.000;Sunter, Jakarta
Field Collection/ Penagihan Surabaya;PT Swakarya Insan Mandiri;IDR4.300.000 - 6.000.000;Surabaya
Intern Database Developer;AIA Singapore;SGD1 - 415;Batam
Management Trainee Sales Manager;PT. Dewata Kencana Distribusi;IDR5.000.000 - 7.000.000;Surabaya
Operational Manager;Covita Bali;IDR7.000.000 - 10.000.000;Gianyar
 Recruitment Officer;Pt. Kristalindo Karunia International;IDR3.500.000 - 5.000.000;Jakarta
IT Project Manager (Server and Network Equipment);PT. Asian Sigma Technology;IDR10.000.000 - 14.000.000;Kebayoran Baru, Jakarta
Community Manager;Orcacomm;IDR7.000.000 - 8.000.000;Jakarta
Customer Success and Partnership Executive;Kodecoon Academy Pte Ltd;IDR10.000.000 - 15.000.000;Jakarta
STAFF ADMINISTRASI MARKETING;PT. Jaya Pratama Groserindo Bali;null;Denpasar
Remote Digital Marketing Intern (English Only);MedTech Innovator;IDR2.800.000 - 4.000.000;Jakarta
Fashion Designer;Libby Baby Official;IDR5.000.000 - 7.500.000;Jakarta
Accounting Staff;Confidential Company;IDR5.000.000 - 7.000.000;Jakarta
E-commerce Marketing Specialist;Pt Mahakarya Sukses Indonesia;null;Jakarta
Content Creator Staff;Libby Baby Official;IDR5.000.000 - 7.000.000;Jakarta
Konten Creator Tiktok;PT Manxi Image Perkasa;IDR1.500.000 - 2.200.000;Solo
URGENT Project Officer [Project Based];Vanaya Indonesia;null;Pasar Minggu, Jakarta
Graphic Design;PT. Medion Farma Jaya;IDR5.000.000 - 7.000.000;Bandung
Head of Sales (Remote);Refocus;IDR60.000.000 - 160.000.000;Jakarta
asisten pribadi;Lamonte Mode;IDR1.800.000 - 2.500.000;Depok
Social Media Specialist;Delapan Sisi Creative;null;Yogyakarta
SALES;PT. Wickham International Indonesia;IDR2.800.000 - 5.000.000;Semarang
Associate Consultant (Sales) for Expansion Team;Glints;IDR4.500.000 - 6.000.000;Jakarta
Account Executive - English CV only;Data Arts Xperience;IDR5.000.000 - 12.000.000;Jakarta
Intern Fullstack;AIA Singapore;SGD400 - 550;Batam
Jr. Accounting;Confidential Company;IDR4.500.000 - 5.500.000;Sidoarjo
Textile Designer;Pt. Hikmat Fashion;IDR5.000.000 - 7.000.000;Cilincing, Jakarta
Sales Export;PT. Alumindo Berkat Sejahtera;IDR8.000.000 - 10.000.000;Kembangan, Jakarta
GRAPHIC DESIGNER;BrandPartner;IDR3.500.000 - 5.000.000;Surabaya
Sales Product Sanitary (Surabaya);Confidential Company;IDR4.300.000 - 4.500.000;Surabaya
HRGA Staff;Nison Indonesia;IDR4.500.000 - 4.500.000;Sidoarjo
Data Engineer;Perqara;IDR8.000.000 - 15.000.000;Senopati, Jakarta
Social Media Specialist;Capsen - Pure Essential Oil;IDR4.000.000 - 7.000.000;Jakarta
Tax Accountant;PT Imecon Tekindo;null;Jakarta
ADMIN SUPPORT - CIREBON;PT. MODULE INTRACS YASATAMA;IDR2.270.000;Cirebon
Graphic Designer;PT Sumber Bintang Perkasa;IDR4.000.000 - 6.000.000;Jakarta
Desain Grafis;Pt Mahkota Sukses Indonesia;IDR4.000.000 - 6.000.000;Jakarta
Telemarketing for property;PT FATIH AMANAH SEJAHTERA;IDR3.000.000 - 4.500.000;Bogor
Junior Software Engineer (Golang);Mitramas Infosys Global;IDR6.000.000 - 8.000.000;Tebet, Jakarta
Frontend Developer;Elitely Group;IDR6.000.000 - 10.000.000;Jakarta
Native ESL Teacher;Odysee Education Indonesia;IDR17.000.000 - 21.000.000;Cengkareng, Jakarta
Frontend Developer (React);PT Indocyber Global Teknologi;IDR8.000.000 - 13.000.000;Jakarta
BUSINESS DEVELOPMENT;PT SELULAR INDO PRATAMA (FELIXINDO);null;Jakarta
Sales Executive;PT Samudera Pacific Maju;IDR5.000.000 - 7.000.000;Makassar
Software Developer (Web and using ReactJS);PT. Multi Guna Gemilang;IDR5.000.000 - 6.500.000;Malang
IT QA Manual - Banking;PT. Asian Sigma Technology;IDR8.000.000 - 12.000.000;Jakarta
Front-End Developer;PT Mentari Mulia Berjangka;IDR7.500.000 - 8.000.000;Kuningan, Jakarta
Credit Marketing Officer Bontang;SIMGROUP;IDR4.000.000 - 51.000.000;Bontang
Social and Fundraising Specialist (Pekanbaru);YBM Hasuna;IDR1.800.000 - 2.750.000;Pekanbaru
Intern Production Controller;AIA Singapore;SGD1 - 415;Batam
Social Media Marketing Specialist;Bocorocco Shoes;IDR6.000.000 - 7.500.000;Tangerang
IT Support (Remote Work);PT. Kreatifitas Sinergisme Teknoindo;null;Jakarta
Video Editor;Pt Mahakarya Sukses Indonesia;null;Pademangan, Jakarta
General Manager Sales and Marketing;Agung Bumi Agro;IDR15.000.000 - 25.000.000;Jakarta
Graphic Desainer;Delapan Sisi Creative;null;Yogyakarta
Product Director;PT ELANG MANAJEMEN INVESTASI;IDR80.000.000 - 100.000.000;Penjaringan, Jakarta
Backend Developer (Spring Boot);My Hunter;IDR6.000.000 - 15.000.000;Jakarta
Accounting and Tax;Hon&yan;IDR4.000.000 - 5.000.000;Jakarta
ADMIN HR;PT Indo Megah Abadi;null;Bogor
HSE Officer;Pt. Surya Marga Luhur;IDR4.000.000 - 4.500.000;Bandung
Junior Project Manager;Alan Creative;null;Depok
Admin Finance;PT Benteng Multi Indotama;IDR5.000.000 - 6.000.000;Jakarta
Digital Marketing Coordinator;PT GEMA MULIA SEMESTA (SOUVIA);IDR6.000.000 - 8.000.000;Bogor
Marketing;IKIGAI SKINCARE;null;Jakarta
Sales Specialist;SG Batavia;IDR4.500.000 - 8.000.000;Kuningan, Jakarta
IT Officer;PT Data Bina Solusindo;null;Jakarta
Microsoft (Monitoring);Sysdata.id;IDR5.000.000 - 7.000.000;Jakarta
Relationship Officer;PT Valbury Asia Futures;IDR2.500.000 - 5.000.000;Setiabudi, Jakarta
Investment Analyst;PT. SOLID GOLD JAKARTA;IDR5.000.000 - 15.000.000;Tanah Abang, Jakarta
Remedial Officer Semarang;PT. Nusapala Group;IDR3.000.000 - 6.000.000;Semarang
Mandarin Translator;PT Tik Star Media Indonesia;IDR6.000.000 - 10.000.000;Jakarta
GENERAL HRD;Lamonte Mode;IDR3.500.000 - 4.500.000;Depok
Sales Representative Medan;PT Aku Pintar Indonesia;null;Medan
Mutual  Fund Business Manager (Reksadana);PT ELANG MANAJEMEN INVESTASI;IDR40.000.000 - 80.000.000;Penjaringan, Jakarta
Google Ads Analyst;Island Media Management;IDR5.000.000 - 8.000.000;Denpasar
Sales Executive;PT Cemerlang Mentari Andalan Transindo;IDR5.000.000 - 8.000.000;Jakarta
Checker;PT Summit Indonesia;IDR2.600.000 - 28.350.000;Semarang
IT Development Manager;PT ELANG MANAJEMEN INVESTASI;IDR40.000.000 - 100.000.000;Penjaringan, Jakarta
Senior Product Manager;PT ELANG MANAJEMEN INVESTASI;IDR40.000.000 - 80.000.000;Jakarta
Arvento Sales Executive;Astech Dunia Telekomunika;IDR6.000.000 - 10.000.000;Cilandak, Jakarta
Social Media Specialist;Magang Jogja;null;Yogyakarta
WFH Customer Support cum English-Mandarin Interpreter/Translator;GP Outsourcing Asia;IDR16.000.000 - 16.000.100;Batam
SEO Specialist;PT. Klik Logistics Putera Harmas;IDR3.500.000 - 4.000.000;Bekasi
Mobile Developer;Binar Academy;null;Jakarta
Senior UI/UX Designer;Kompit;IDR7.000.000 - 15.000.000;Menteng, Jakarta
FREELANCE TALENT MODEL;The Fashion Fairy;null;Tangerang
Product Specialist;PT. Transmedic Indonesia;null;Jakarta
Business Development / Sales Executive;Code and Clue (PT CIPTA NALAR CAKRAWALA);IDR7.000.000 - 12.500.000;Blok M, Jakarta
IT SUPPORT Mandarin;PT Win Access Telecommunucation (Vivo);IDR5.000.000 - 8.000.000;Penjaringan, Jakarta
Assistant E-Commerce;PT. Hey Fish Indonesia;IDR4.000.000 - 6.000.000;Jakarta
Management Trainee Program;Solid Group Jakarta;IDR3.000.000 - 5.000.000;Tanah Abang, Jakarta
IT Operation Maintenance Manager;PT ELANG MANAJEMEN INVESTASI;IDR40.000.000 - 70.000.000;Penjaringan, Jakarta
Mandarin Officer;PT Orientalent Technology Indonesia;IDR8.000.000 - 15.000.000;Kelapa Gading, Jakarta
SEO Officer;PT Sumber Bintang Perkasa;IDR5.000.000 - 6.000.000;Jakarta
Mutual Fund Manager;PT ELANG MANAJEMEN INVESTASI;IDR30.000.000 - 60.000.000;Jakarta
Intern Java Developer;AIA Singapore;SGD415 - 415;Batam
Sales Executive;PT Swakarya Insan Mandiri;IDR6.700.000 - 8.000.000;Surabaya
Home Care Advisor;Harmony Land Group;IDR4.000.000 - 5.000.000;Depok
Sales - Kudus;Myrobin;IDR2.000.000 - 2.200.000;Kudus
IT System Security Engineer;Trix Studio;IDR20.000.000 - 40.000.000;Jakarta
Full Stack Developer;PT. Mandiri International Technology;null;Jakarta
Product Manager (payment/clearing  and settlement/KYC specialty);PT ELANG MANAJEMEN INVESTASI;IDR30.000.000 - 70.000.000;Penjaringan, Jakarta
Social Media Specialist;Pt Mitra Kreasi Natural;IDR4.640.000 - 6.000.000;Jakarta
Graphic Designer;Standardplus;IDR3.000.000 - 3.500.000;Bogor
Market Research Associate;Pt Neurosensum Technology International;IDR7.000.000 - 7.000.100;Kuningan, Jakarta
Graphic Designer;PT. SUN Digital Teknologi Indonesia;IDR3.000.000 - 4.500.000;Surabaya
Material Control;PT Smoore Technology Indonesia;null;Malang
Truck Manager;Prakarsa AI;IDR100 - 200;Jambi City
Beauty Therapist;PT Mitra Dwi Perkasa;IDR2.800.000 - 3.500.000;Kebayoran Baru, Jakarta
App Design Director;PT ELANG MANAJEMEN INVESTASI;IDR30.000.000 - 60.000.000;Penjaringan, Jakarta
Sales Executive - Jakarta;PT Saba Indomedika;IDR5.000.000 - 8.000.000;Kebon Jeruk, Jakarta
Digital Marketing Specialist;PT. Medion Farma Jaya;IDR5.000.000 - 7.000.000;Bandung
Production Planning and Inventory Control;PT. Medion Farma Jaya;IDR5.000.000 - 7.000.000;Bandung
Alumni Community and Event Specialist;Proxsis Group;null;Jakarta
Sales - Jepara;Myrobin;IDR1.500.000 - 2.100.000;Jepara
Marketing Communication Specialist;PT Saba Indomedika;IDR5.000.000 - 6.000.000;Kebon Jeruk, Jakarta
UI/UX Intern;Indobild;null;Sunter, Jakarta
WFH-English/Mandarin Translator cum Customer Service;GP Outsourcing Asia;IDR16.000.000 - 16.000.100;Jakarta
Customer Relation Manager;PT. Inixindo Magguru Macca Cemerlang;IDR3.000.000 - 4.000.000;Makassar
Senior Translator;PT ELANG MANAJEMEN INVESTASI;IDR15.000.000 - 35.000.000;Penjaringan, Jakarta
Tiktok Social Media n Live Streamer;Capsen - Pure Essential Oil;IDR4.000.000 - 7.500.000;Jakarta
Live Streaming Host Market place admin;Pt. Cipta Gagah Perkasa;IDR3.000.000 - 6.000.000;Penjaringan, Jakarta
IT QA Manual - Insurance Company;PT. Asian Sigma Technology;IDR8.000.000 - 10.000.000;Jakarta
Copywriter;Prihal Data;null;Bandung
Social Media Specialist Internship;Alan Creative;null;Depok
Mobile Developer;Silvertech Asia;IDR7.000.000 - 15.000.000;Jakarta
Account Executive (Handling);PT Digi Porta Semesta;IDR5.500.000 - 6.000.000;Matraman, Jakarta
ADMIN HRD;CHEON INDONESIA;null;Yogyakarta
Accounting Officer;Jakmall.com;IDR4.500.000 - 6.000.000;Jakarta
Remote Technical Solution Architect;Paymentology;IDR47.000.000 - 94.000.000;Jakarta
General Affair Lead;Gear Inc.;IDR5.000.000 - 6.000.000;Surabaya
Warehouse Line Leader;PT Smoore Technology Indonesia;IDR4.000.000 - 5.000.000;Malang
Sales Executive Soloraya;PT Manxi Image Perkasa;IDR1.500.000 - 5.000.000;Solo
Odoo Developer;PT Matrica Consulting Service;IDR5.000.000 - 11.000.000;Kuningan, Jakarta
Customer Success Specialist (Indonesia);Bitsmedia Pte Ltd;IDR15.000.000 - 30.000.000;Jakarta
Business Development;PT Kartika Indonesia Sejahtera;IDR8.000.000 - 12.000.000;Jakarta
Investment Manager;SG Batavia;IDR2.000.000 - 9.000.000;Tanah Abang, Jakarta
Personal Assistant;Pt Laku Indonesia;IDR100 - 200;Bandung
Regulatory Alkes;PT. UBC Medical Indonesia;IDR5.000.000 - 6.000.000;Jakarta
Customer Service Representatif (Surabaya);PT Mitracomm Ekasarana Semarang;IDR5.000.000 - 5.300.000;Surabaya
SENIOR ENGINEERING (SE);PT. TRIKARYA IDEA SAKTI;null;Sawah Besar, Jakarta
IT Officer;PT. Widya Presisi Solusi;IDR10.000.000 - 15.000.000;Sunter, Jakarta
Data Entry;PT. LAVANYA SOLUSI HUMANIKA;IDR4.900.000 - 5.500.000;Jakarta
Creative Design;Pt Super Spring;IDR4.000.000 - 6.000.000;Tanah Abang, Jakarta
Internal Accountant;English First Pondok Indah;IDR9.000.000 - 10.000.000;Taman Sari, Jakarta
Manajer;PT. Razen Teknologi Indonesia;IDR4.000.000 - 4.500.000;Yogyakarta
Assistant General Manager (Mandarin Speaker);Pt. Neho Global Trading;IDR7.000.000 - 14.000.000;Penjaringan, Jakarta
Admin HRGA dan Legal;PT. UBC Medical Indonesia;IDR5.000.000 - 5.500.000;Kelapa Gading, Jakarta
Legal Officer Internship;PT. Mega Harapan Mulia (Kelas.com);IDR4.650.000 - 5.100.000;Grogol Petamburan, Jakarta
Content Creator and Host Live;PT Serikat Anak Nusantara Sukses;IDR5.000.000 - 5.500.000;Sunter, Jakarta
Finance Internship;PT. Mega Harapan Mulia (Kelas.com);IDR4.650.000 - 5.100.000;Grogol Petamburan, Jakarta
Data Analyst Internship;PT. Mega Harapan Mulia (Kelas.com);IDR4.650.000 - 5.100.000;Grogol Petamburan, Jakarta
Engineer;PT Nexcom Indonesia;IDR4.600.000 - 5.000.000;Cilandak
Senior Flutter Developer;CCN Indonesia;IDR23.250.000 - 31.000.000;Kuningan, Jakarta
IT Business Analyst;PT. Asian Sigma Technology;IDR9.000.000 - 12.000.000;Pancoran, Jakarta
Architect;PT Mitra Adhya Listrindo;IDR5.000.000 - 5.000.100;Kuningan, Jakarta
Purchaser Staff;PT Esco Bintan Indonesia;IDR4.500.000 - 6.000.000;Tanjungpinang
Graphic Designer;PT Chrombit Digital Lab;IDR4.500.000 - 6.000.000;Jakarta
Operator / Database Engineering;PT SIKLUS SINERGI SEMESTA;IDR4.000.000 - 5.500.000;South Tangerang
Business Development Officer;Solid Group Jakarta;IDR3.000.000 - 15.000.000;Tanah Abang, Jakarta
Business Development Specialist;Nice To Meet You Studio;null;Tangerang
IT Engineer;PT Markaz Jalan Bersama;IDR6.000.000;Tangerang
Sales Supervisor FMCG - Batam;PT Sinde Budi Sentosa;IDR6.000.000 - 7.500.000;Batam
Marketing and Consultant;Solid Group Jakarta;IDR100 - 20.000.000;Tanah Abang, Jakarta
Fitness Consultant / Sales Ikigai Fitness;Regulus Group;IDR3.000.000 - 20.000.000;Bogor
Drafter;Gotosovie Indonesia;IDR1.800.000 - 2.500.000;Yogyakarta
Sales Online;PT. MGANIC NATURINDO CEMERLANG;IDR2.500.000 - 4.500.000;Tangerang
Head Of Marketing;PT ELANG MANAJEMEN INVESTASI;IDR20.000.000 - 40.000.000;Penjaringan, Jakarta
Compliance Manager;PT ELANG MANAJEMEN INVESTASI;IDR20.000.000 - 40.000.000;Penjaringan, Jakarta
Business Development;Pt. Global Mobility Service Indonesia;IDR4.000.000 - 20.000.000;Tanah Abang, Jakarta
Social Media Content Creator;PT Pilar Global Mandiri - Peripera Indonesia;IDR4.000.000 - 5.000.000;Gambir, Jakarta
Social Media Content Creator;PT Pilar Global Mandiri - Peripera Indonesia;IDR4.000.000 - 5.000.000;Gambir, Jakarta
Graphic Designer;PT Sistem Manajemen Dewarangga;IDR3.500.000 - 5.500.000;Depok
Graphic Designer;PT Sistem Manajemen Dewarangga;IDR3.500.000 - 5.500.000;Bekasi
Club Manager (Jabodetabek);PT Jaya Digital Properti (FITHUB);IDR8.000.000 - 21.000.000;Jakarta
Assistant Mandarin Morowali;PT Indo Heavy Equipment;IDR12.000.000 - 15.000.000;Bungku
PHOTOGRAPHER;Pt Mahakarya Sukses Indonesia;null;Pademangan, Jakarta
Management Trainee;Agate;IDR4.800.000 - 7.500.000;Bandung
Flutter Mobile App Developer (Middle);Elemes ID;IDR7.000.000 - 10.000.000;Tangerang
Admin Gudang dan Reseller;PT Organika Alam Semesta;IDR3.450.000 - 3.750.000;Kembangan
CORPORATE MARKETING OFFICER (FINANCING COMPANY);PT Lotte Capital Indonesia;IDR7.500.000 - 8.500.000;Jakarta
live streaming tiktok / Host Live Cengkareng Jakbar;Great Fortune Indonesia;IDR4.000.000 - 5.000.000;Cengkareng, Jakarta
Network Engineer;PT SIKLUS SINERGI SEMESTA;IDR3.500.000 - 5.000.000;South Tangerang
Software Developer (Backend);Agile Technica;null;Tangerang
Host Live Streamer;CV SATYA NATURA INDONESIA;IDR6.000.000 - 7.000.000;Penjaringan, Jakarta
Frontend Developer;Indobild;null;Kemayoran, Jakarta
Full Stack Web Developer;Guruinovatif.id;IDR2.500.000 - 3.250.000;Yogyakarta
Lead Product Manager;Jakmall.com;IDR18.000.000 - 25.000.000;Jakarta
Marketplace Sales Manager;PT. Madev Kreatif Solusi;IDR15.000.000 - 25.000.000;Tangerang
Social Media Specialist;Singpet;IDR3.000.000 - 4.000.000;South Tangerang
Research and Development Manager;Porto Indonesia Sejahtera;IDR15.000.000 - 20.000.000;Penjaringan, Jakarta
Sales Executive - Yogyakarta;PT Saba Indomedika;IDR3.500.000 - 5.000.000;Yogyakarta
Sales Mobil Honda;PT. Parama Sutera Autotren;IDR1.000.000 - 10.000.000;Tangerang
HRIS Consultant;PT Pro-Int Dinamika;IDR5.000.000 - 6.000.000;Kembangan, Jakarta
CONTENT CREATOR (LIVE STREAMER);Pt Orientama Makmur Abadi;IDR4.000.000 - 5.000.000;Jakarta
Sales Project Executive;PT Zkteco Security Indonesia;IDR7.000.000 - 10.000.000;Jakarta
Sales Executive Karawang;PT. Onna Prima Utama;IDR5.000.000 - 6.000.000;Karawang
Event and Partnership;Hipwee;null;Kemang, Jakarta
Financial Consultant For Nazava Water Filters Bandung 3 Months;Nazava Water Filters;IDR10.000.000 - 20.000.100;Bandung
Staff Administrasi;PT. LAVANYA SOLUSI HUMANIKA;IDR4.500.000 - 5.800.000;Jakarta
Virtual Project and Operations Intern (English Speaking);MedTech Innovator;IDR2.800.000 - 40.000.000;Jakarta
Customer Service Representatif (Denpasar);PT Mitracomm Ekasarana Semarang;IDR3.500.000 - 3.800.000;Denpasar
Senior Mobile Engineer React Native;TerraDua Recruiters;IDR20.000.000 - 29.000.000;Jakarta
Procurement Staff (Temporary for Maternity Leave);PT Azbil Berca Indonesia;IDR4.600.000 - 5.000.000;Menteng, Jakarta
Lead Data Engineer;Aliz;IDR35.000.000 - 55.000.000;Jakarta
Securities and Mutual Funds Analyst;PT ELANG MANAJEMEN INVESTASI;IDR10.000.000 - 30.000.000;Penjaringan, Jakarta
Marketing;PT Mitra Adhya Listrindo;IDR5.000.000 - 5.000.100;Kuningan, Jakarta
Digital Marketing;PT Linxchat Global Indonesia;IDR3.000.000 - 4.500.000;Grogol
Fashion Sales;Mont Hood;IDR4.000.000 - 6.000.000;Tambora, Jakarta
Cloud Technical Specialist;Sysdata.id;IDR5.000.000 - 5.500.000;Jakarta
CONTENT CREATOR PERSONAL;Lamonte Mode;IDR2.000.000 - 3.500.000;Depok
Remote English/Mandarin Customer Service cum Interpreter/Decoder;GP Outsourcing Asia;IDR16.000.000 - 16.000.100;Medan
Live Streamer URGENTLY NEEDED);Ziel Kids;IDR5.000.000 - 6.000.000;Jakarta
IT Support;PT SIKLUS SINERGI SEMESTA;IDR3.000.000 - 4.500.000;South Tangerang
Account Executive;Pt. Nap Info Lintas Nusa (matrix);null;Jakarta
Customer Service Representatif (Semarang);PT Mitracomm Ekasarana Semarang;IDR3.400.000 - 3.600.000;Semarang
Product Designer;Protiga Company Limited;IDR3.800.000 - 4.000.000;Tangerang
WFH English/Mandarin Interpreter/Translator cum Customer Support;GP Outsourcing Asia;IDR16.000.000 - 16.100.100;Jakarta
DevOps/IT Infrastructure;PT Matrica Consulting Service;IDR5.000.000 - 8.000.000;Kuningan, Jakarta
Finance Accounting Officer;PT ELANG MANAJEMEN INVESTASI;IDR12.000.000 - 16.800.000;Penjaringan, Jakarta
Content Creator;Pennyu Group;IDR2.900.000 - 3.500.000;Semarang
Content Creator;Open Labs;IDR4.000.000 - 5.000.000;Tangerang
Sales Executive Accurate;Myrobin;IDR5.000.000 - 5.500.000;Tangerang
Brand Manager;PT. Anugrah Inovasi Makmur Indonesia;IDR10.000.000 - 20.000.000;Cengkareng, Jakarta
Stock Broker;Solid Group Jakarta;IDR5.000.000 - 10.000.000;Tanah Abang, Jakarta
Marketing Strategist (Digtal focused) - Sports Tech Startup;PT Ayo Indonesia Maju;IDR6.000.000 - 80.000.000;Jakarta
Data Engineer;ilmuOne Data;IDR5.000.000 - 8.000.000;Jakarta
Finance Manager (Jakarta Indonesia);Haulio;IDR15.000.000 - 25.000.000;Kelapa Gading, Jakarta
Admin Sekretariat - Depok;PT. EXA MITRA SOLUSI;IDR4.641.854 - 5.000.000;Depok
Staff Manajemen Risiko dan Kepatuhan;PT BPR Bank Sinpo;null;Jakarta
Junior Graphic Designer;PT Yong Kurniawan Akselera;IDR4.500.000 - 5.500.000;Tebet, Jakarta
WFH Customer Service cum English-Mandarin Interpreter/Translator;GP Outsourcing Asia;IDR16.000.000 - 16.000.100;Jakarta
Frontend Engineer / Developer;99.co;null;Bandung
Product Manager;Tech Titan Group;IDR10.000.000 - 30.000.000;Jakarta
digital marketing e commerce;Osbond Gym;IDR3.500.000 - 5.000.000;Jakarta
SALES AND MEDICAL REPRESENTATIVE;Binmed;IDR4.000.000 - 4.500.000;Kebayoran Baru, Jakarta
Customer Service Representatif (Cirebon);PT Mitracomm Ekasarana Semarang;IDR3.000.000 - 3.300.000;Cirebon
Penasihat Sekolah;PT Surala Suluh Karsa;IDR3.800.000 - 4.500.000;Bandung
Coach Fisika (Edulab Solo);Edulab Indonesia;IDR3.000.000 - 3.500.000;Solo
HOST / PRESENTER;Magang Jogja;null;Yogyakarta
Customer Service Representatif (Bengkulu);PT Mitracomm Ekasarana Semarang;IDR3.000.000 - 3.200.000;Bengkulu
Jubir / Translator Lapangan Mandarin Morowali;PT Indo Heavy Equipment;IDR8.000.000 - 12.000.000;Bungku
Content Creator;CV Green Mile Indonesia;IDR3.000.000 - 3.500.000;Surabaya
Research Analyst Manager (Mutual Fund);PT ELANG MANAJEMEN INVESTASI;IDR15.000.000 - 30.000.000;Penjaringan, Jakarta
COACH BIOLOGI MAKASSAR;Edulab Indonesia;IDR3.000.000 - 3.500.000;Makassar
MATEMATIKA BALIKPAPAN;Edulab Indonesia;IDR3.000.000 - 3.500.000;Balikpapan
Telemarketing Officer;Oto Group;IDR4.500.000 - 5.500.000;Jakarta
Staff Social Media;JasterMedia;IDR2.500.000 - 3.500.000;Surabaya
Customer Service cum English-Mandarin Interpreter/Translator WFH;GP Outsourcing Asia;IDR16.000.000 - 16.000.100;Medan
Sales Representative Malang;PT Aku Pintar Indonesia;null;Malang
Perawat Homecare Medi-Call;PT. Medika Nusantara Gumilang;null;Jakarta
Data Engineer;PT. Citta Parama Guna;IDR10.000.000 - 20.000.000;Jakarta
Admin staff;PT. Binabusana Internusa;IDR4.400.000 - 4.500.000;Pulo Gadung, Jakarta
Data Center Monitoring;Abishar Technologies;IDR5.000.000 - 7.000.000;Tangerang
SALES COUNTER;INDORAYA Grosir;IDR2.500.000 - 3.000.000;Denpasar
Indonesian Marketing Representative for ASEAN Meat Market;EMERHUB;IDR40.000.000 - 60.000.000;Jakarta
Product Manager;Jakmall.com;IDR7.000.000 - 17.000.000;Kebon Jeruk, Jakarta
Product Manager (Remote);Jakmall.com;IDR7.000.000 - 17.000.000;Jakarta
WFH Customer Support cum English-Mandarin Interpreter/Translator;GP Outsourcing Asia;IDR16.000.000 - 16.000.100;Jakarta
Videographer and Photographer (JUNIOR);PT. Onna Prima Utama;IDR5.000.000 - 7.000.000;Jakarta
Content Creator (Early Childhood Education and Parenting);PT Karunia Pelita Edukasih;IDR4.000.000 - 5.000.000;Surabaya
ADMIN PROJECT;Green park residence;IDR3.800.000 - 4.800.000;Bekasi
In-House Videographer;Mayoutfit;null;Bandung
Marketing;Pt. Karya Sehati Utama;IDR1.000.000 - 5.000.000;Yogyakarta
Sosial Media Spesialist;PT. Haswara Anjaya Akeh;IDR2.500.000 - 3.500.000;Surabaya
Content Creator;PT. Haswara Anjaya Akeh;IDR2.500.000 - 3.500.000;Surabaya
Lab Assistant;Pt Inti Pesona Lestari;IDR3.000.000 - 5.000.000;Tangerang
Staff Logistik;PT. Makmur Abadi Puri;null;Jakarta
SALES TAKING ORDER (Area Trenggalek);Success Jaya Group;null;Trenggalek
Barista;kopikalyan;IDR2.500.000 - 3.100.000;Kebayoran Baru, Jakarta
ERP Business Analyst - Senior;Zero One Group;IDR10.000.000 - 20.000.000;Jakarta
Data Analyst;PT. Medika Nusantara Gumilang;IDR2.800.000 - 3.500.000;Yogyakarta
Barista;kopikalyan;IDR2.500.000 - 3.100.000;Surabaya
Head of Sales;JayJay;USD2.500 - 5.500;Jakarta
Internship Purchasing;CV. Montana Intercontinental;null;Surabaya
Kitchen Head;kopikalyan;IDR2.500.000 - 3.000.000;Surabaya
Recruiting Retail Store Crew in Sudirman Jakarta;H&CO;IDR3.000.000 - 5.000.000;Jakarta
Admin Service Center;PT Jakarta Digital Nusantara;IDR4.000.000 - 5.000.000;Jakarta
Senior IT GRC Consultant - ITSM;Robere & Associates (indonesia);IDR15.000.000 - 25.000.000;Jakarta
RECOVERY OFFICER;PT. Noesantara Corporation;IDR3.000.000 - 5.000.000;Jakarta
TELE MARKETING STAFF;PT. Jaya Pratama Groserindo Bali;null;Denpasar
Sales Area Semarang;Pt Mahakarya Sukses Indonesia;null;Semarang
Chief Financial Officer (URGENT - JAKARTA);Indo Trans Teknologi;IDR60.000.000 - 75.000.000;Cilandak, Jakarta
Host Talent (Live Stream);Hon&yan;IDR2.500.000 - 3.000.000;Penjaringan, Jakarta
Staff Warehouse Operation Jakarta;Asia Commerce Network Limited;IDR3.000.000 - 4.500.000;Cengkareng, Jakarta
Landscape Architect Engineering;JEMERLANG MENJALIN BERKARYA;IDR2.000.000 - 10.000.000;Jakarta
Sales Executive;PT. AUTOMATION JAYA ELECTRIC;IDR4.200.000 - 4.500.000;Cakung, Jakarta
WFH English-Mandarin Interpreter/Customer Service/ Support;GP Outsourcing Asia;IDR16.000.000 - 16.000.100;Batam
FISIKA MEDAN BINJAI;Edulab Indonesia;IDR2.500.000 - 3.000.000;Medan
Social Media Admin;PT Yong Kurniawan Akselera;IDR2.000.000 - 3.500.000;Tebet, Jakarta
Human Resource Manager (1st HR member);Movus Technologies;IDR12.000.000 - 24.000.000;Jakarta
Account Executive - Educational Partnership Officer;Pt Yipu Teknologi Alami;IDR2.000.000 - 5.000.000;Yogyakarta
Research Analyst;S16 Research Ventures;IDR15.000.000 - 25.000.000;SCBD, Jakarta
[Remote] Strategic Partnership Manager;Prieds ( PT Solusi Kebutuhan Teknologi);IDR8.000.000 - 13.000.000;Jakarta
Sales Rekening Ponsel Bank CIMB Niaga Bandung;PT Sumber Daya Menamas-prime Resources;IDR2.000.000 - 3.000.000;Bandung
Sales Rekening Ponsel Bank CIMB Niaga JABODETABEK;PT Sumber Daya Menamas-prime Resources;IDR2.000.000 - 3.000.000;Jakarta
Sales Promotion;PT Binajasa Abadikarya;IDR2.100.000 - 2.300.000;Kupang
Sales Executive Tangerang;PT. Onna Prima Utama;IDR5.000.000 - 9.000.000;Jakarta
Sales Executive Jakarta;PT. Onna Prima Utama;IDR5.000.000 - 9.000.000;Jakarta
Android Developer;Pt Kreator Solusi Informasi;IDR4.500.000 - 5.500.000;Surabaya
Online English-Mandarin Interpreter/ Translator / contact Center;GP Outsourcing Asia;IDR16.000.000 - 16.000.100;Medan
DevOps Engineer;Aliz;IDR35.000.000 - 55.000.000;Jakarta
Store Associate - Soekarno Hatta International Airport;Hijaberlin;IDR3.500.000 - 4.600.000;Tangerang
Sales Spare Parts;PROTOFLEX OTOPARTS INTERNASIONAL;null;Jakarta
SOCIAL MEDIA MARKETING BATAM ID;PT. Migo Commercial Indonesia;IDR4.000.000 - 5.500.000;Batam
UI UX Designer;Pt Taksu Teknologi Indonesia;IDR5.000.000 - 10.000.000;Denpasar
Web Developer;Katsudoto;IDR3.000.000 - 4.000.000;Medan
Content Creator;PT. Karya Selaras Harapan;IDR3.000.000 - 4.000.000;Surabaya
Admin Reseller;Hon&yan;IDR2.500.000 - 3.000.000;Penjaringan, Jakarta
Agronomy Specialist;PT Bimasakti Multi Sinergi;IDR3.500.000 - 4.200.000;Sidoarjo
Content Creator;PT. Skipper Global Garment;IDR2.500.000 - 3.000.000;Jagakarsa, Jakarta
Head of Sales;EMERHUB;IDR25.000.000 - 35.000.000;Jakarta
Dosen Software Engineering;Pt Gistrav Inspira Indonesia;IDR2.500.000 - 4.000.000;Yogyakarta
Cyber Security Engineer;PT Avows Technologies;IDR10.000.000 - 20.000.000;Jakarta
MANDARIN SPEAKER;PT SHAN HAI MAP;IDR5.000.000 - 8.000.000;Grogol Petamburan, Jakarta
Social Media Specialist;Celebrity Dental Clinic;IDR3.000.000 - 4.200.000;Tangerang
Cost Control - Supervisor;Kriya People;IDR5.000.000 - 60.000.000;Senayan, Jakarta
Sales Motoris;PT Binajasa Abadikarya;IDR3.000.000 - 3.100.000;Banjarmasin
Presales Consultant (Application Project);Abishar Technologies;IDR12.000.000 - 15.000.000;Tangerang
Senior Ruby on Rails Developer;PT Merah Putih Arsitektur;IDR10.000.000 - 25.000.000;Jakarta
Team Leader Architect Software Engineer;PT. Asian Sigma Technology;IDR25.000.000 - 30.000.000;Jakarta
Akuntan / Accountant;PT Gunung Emas Technical;IDR2.000.000 - 3.000.000;Surabaya
Manager IT;Pt Via Pulsa Global Indonesia;IDR15.000.000 - 20.000.000;Yogyakarta
Sales Executive;Tech Titan Group;IDR10.000.000 - 20.000.000;Jakarta
Postsales Engineer - Networking;Tech Titan Group;IDR10.000.000 - 20.000.000;Jakarta
Sales Operation;Pt Realpower Nutrition Indonesia;IDR2.000.000 - 5.000.000;Jakarta
Sales Executive Yogyakarta;PT. Onna Prima Utama;IDR3.000.000 - 4.000.000;Yogyakarta
Sales Account Manager;Tech Titan Group;IDR10.000.000 - 30.000.000;Jakarta
Frontend Developer - (Freelance);Dot Indonesia;null;Jakarta
Staff Admin / Staff Keuangan;GIO CARDIN;IDR1.500.000 - 3.000.000;Bandung
Sales Representative Bogor;PT Aku Pintar Indonesia;null;Bogor
Data Management Engineer;PT Aksata Pratama Teknologi;IDR10.000.000 - 25.000.000;Tanah Abang, Jakarta
Host Live Streaming;MailTank Indonesia;IDR2.500.000 - 4.000.000;Tangerang
Digital Marketing Manager;Pt Waktu Cipta Dimensi;IDR20.000.000 - 25.000.000;Cengkareng, Jakarta
Sales Support;PT. STAHL ARBEIT;IDR4.500.000 - 5.000.000;Cikarang
Manager Produksi;Mayoutfit;null;Bandung
Operations Engineer;UangMe (PT UangMe Fintek Indonesia);IDR12.000.000 - 20.000.000;Kuningan, Jakarta
Senior System Analyst;Pt Rangkaian Ide Dinamis;IDR8.000.000 - 12.000.000;Pancoran, Jakarta
Customer Service/English-Mandarin Interpreter/Translator - WFH;GP Outsourcing Asia;IDR16.000.000 - 16.000.100;Jakarta
Front-End Developer;PT.Tavia Digital Solusi;IDR4.500.000 - 5.500.000;Tangerang
Field Sales Representative - English CV only;Data Arts Xperience;IDR8.000.000 - 30.000.000;Jakarta
Web Developer;Petrolink Services Indonesia;IDR10.000.000 - 20.000.000;Jakarta
Tech Lead Developer;PT. Citta Parama Guna;IDR15.000.000 - 25.000.000;Jakarta
Finance Accounting Staff;Pt Qinfa Mining Industri;IDR8.000.000 - 12.000.000;Gambir, Jakarta
Quality Control Specialist;PT KARYA MUDA INSPIRA;IDR1.500.000 - 2.000.000;Bogor
Online Shop Admin;GIO CARDIN;IDR1.500.000 - 3.000.000;Cimahi
ACCOUNT EXECUTIVE (JAKARTA);PT. PERMATA INDO SEJAHTERA;IDR2.700.000 - 4.641.000;Jakarta
Business Consultant;Solid Group Jakarta;IDR4.000.000 - 8.000.000;Tanah Abang, Jakarta
Manager Finance Accounting Tax;Mayoutfit;null;Bandung
Frontend React Developer;CV. Zahira Solusi Informatika;IDR100 - 5.000.000;Jakarta
Associate Product Manager;Mitramas Infosys Global;IDR6.000.000 - 8.000.000;Jakarta
Brand Activation Manager;Wall Street English;IDR20.000.000 - 35.000.000;Jakarta
Customer Service and Admin;Koperasi Nasari Usaha Mikro Kecil Menengah;IDR2.000.000 - 2.500.000;Kelapa Gading, Jakarta
Sales Supervisor;PT Sahabat Petmu Indonesia;IDR5.000.000 - 7.000.000;Pademangan, Jakarta
Full Stack Software Engineer;PT Roli Telematika Wisala;IDR4.500.000 - 5.000.000;Kemang, Jakarta
Full Stack Software Engineer;PT Roli Telematika Wisala;IDR4.500.000 - 5.000.000;Kemang, Jakarta
Sales Promotor - Importir Laptop;PT Zabran Internasional Grup;IDR2.700.000 - 6.000.000;Bandung
Procurement Specialist/ Supply Chain Manager (East Indonesia);Zero One Group;IDR7.500.000 - 15.000.000;Jakarta
Finance Operations Lead - Business Analyst;Chatbiz;IDR10.000.000 - 20.000.000;Bandung
Social Media Specialist;PT Tugu Mas Nusantara;IDR3.000.000;Bandung
Sales Lead - Remote based in Jakarta;Justnile Sea Pte Ltd;SGD1.000 - 2.000;Jakarta
Marketing Data Analysis(finance backgroup);Hisense Indonesia;IDR4.000.000 - 5.000.000;Grogol Petamburan, Jakarta
Dokter umum;PT. Qeza Estetika Medika;IDR5.000.000 - 15.000.000;Surabaya
Senior Software Engineer [Fullstack];R/GA;null;Jakarta
DevOps Engineer Intern (Remote);Dot Indonesia;null;Jakarta
Customer Service;Travelio;IDR4.000.000 - 4.500.000;Jakarta
ENGLISH TEACHER;LIVESMART INDONESIA;IDR5.000.000 - 7.000.000;Tangerang
WFH-English/Mandarin Interpreter cum Customer Service;GP Outsourcing Asia;IDR16.000.000 - 17.000.100;Batam
Staff Penagihan Penempatan Parenggean;SIMGROUP;IDR3.500.000 - 5.000.000;Sampit
Front End Developer NextJS;Female Daily Network;IDR9.000.000 - 12.000.000;Mampang Prapatan, Jakarta
Senior Accountant;Zero One Group;IDR10.000.000 - 20.000.000;Jakarta
Legal Content Associate;Perqara;IDR5.000.000 - 7.000.000;Senopati, Jakarta
IOS Developer;Crocodic Academy (PT Taman Kreasi Indonesia);IDR7.000.000 - 15.000.000;Jakarta
Full Stack Engineer (Ruby on Rails);PT. Indo Teknologi Utama;null;Tanah Abang, Jakarta
Ecommerce Store Manager;PT. Madev Kreatif Solusi;IDR6.000.000 - 10.000.000;Tangerang
WFH Customer Support cum English-Mandarin Interpreter/Translator;GP Outsourcing Asia;IDR16.000.000 - 16.000.100;Jakarta
Human Resource Internship;Pt Super Spring;IDR1.800.000 - 2.200.000;Tanah Abang, Jakarta
React Native Intern;Confidential Company;null;Batam
Research Intern;Nalagenetics;IDR2.000.000 - 2.500.000;Jakarta
Kitchen Acquisition Executive - Fresh Graduates;Dishserve;IDR5.000.000 - 5.000.100;Jakarta
HOST LIVE STREAMING TIKTOK;CV. Essential Nature;IDR3.000.000 - 10.000.000;Bandung
Visual Communication Design Event Officer;Keluarga Cendekiawan Buddhis Indonesia;IDR4.700.000 - 7.000.000;Gambir, Jakarta
ANDROID PROGRAMMER;PT GRAND TIRTA REALTY;IDR3.000.000 - 5.000.000;Yogyakarta
Sales Promotion;PT Binajasa Abadikarya;IDR2.800.000 - 3.000.000;Denpasar
Account Manager;EMERHUB;IDR15.000.000 - 30.000.000;Denpasar
Junior Software Developer;PT Stampindo Lancar Jaya;IDR5.000.000 - 8.000.000;Kembangan, Jakarta
Business Development Lead;PT Orientalent Technology Indonesia;IDR10.000.000 - 16.000.000;Kelapa Gading, Jakarta
Finance Officer;PT Gree Electric Appliances Indonesia;IDR5.000.000 - 5.500.000;Jakarta
Lowongan Customer Services;Rakdisplay Indonesia;IDR2.000.000 - 3.500.000;Cipondok
Assistant Corporate Secretary;PT Tata Bisnis Solusi;IDR4.600.000 - 5.500.000;Gambir, Jakarta
Architect BIM autodesk Revit;Lumbung Support Studio;IDR6.000.000 - 10.000.000;Denpasar
HOST LIVE - PART TIME;cartexblanche;IDR2.000.000 - 2.250.000;Grogol Petamburan, Jakarta
Mobile Development;PT Anura Teknologi Finansial;IDR7.000.000 - 10.000.000;Senayan, Jakarta
Finance Manager;Bocorocco Shoes;IDR10.000.000 - 12.000.000;Tangerang
Software Test Engineer;Petrolink Services Indonesia;IDR9.000.000 - 16.000.000;Jakarta
Sales Promotion;PT Binajasa Abadikarya;IDR2.700.000 - 2.900.000;Palu
Video Editor Intern;Magnus Digital Indonesia;IDR2.000.000 - 2.200.000;Jakarta
Sales Promotion;PT Binajasa Abadikarya;IDR2.700.000 - 2.900.000;Semarang
Videographer Intern;Magnus Digital Indonesia;IDR2.000.000 - 2.200.000;Jakarta
ICEGROUP - PRODUCTION STAFF - JAKARTA;Havilla Gourmet Tea;IDR3.000.000 - 3.500.100;Kebayoran Baru, Jakarta
Business Director;Data Arts Xperience;IDR20.000.000 - 60.000.000;Jakarta
Fullstack / Back-end  Developer (Full Time);Mitra Aplikasi Digital;IDR6.000.000 - 7.000.000;Kebon Jeruk, Jakarta
Business Development Intern;Pt Super Spring;IDR1.800.000 - 2.200.000;Tanah Abang, Jakarta
Chinese Translator;PSL Agency;IDR7.500.000 - 8.500.000;Penjaringan, Jakarta
UI/UX Designer;Mitramas Infosys Global;IDR6.000.000 - 7.000.000;Tebet, Jakarta
Content Creator and LIVE Host Streaming;YuThena;IDR4.000.000;Tambora, Jakarta
Business Administration Internship;Pt Super Spring;IDR1.800.000 - 2.200.000;Tanah Abang, Jakarta
Sales Canvassing;PT NATURALVA HERBA INDONESIA;IDR3.500.000 - 5.000.000;Cikarang
Project Manager;PT Kairos Utama Indonesia;IDR15.000.000 - 17.000.000;Jakarta
Chemical Applicator;PT Eonchemicals Putra;IDR4.900.000 - 5.500.000;Tebet, Jakarta
Sales Promotion-URGENT;Ziel Kids;IDR2.000.000 - 3.000.000;Jakarta
Network Engineer;Indonesia Logistics Community Service;IDR8.000.000 - 10.000.000;Jakarta
System Analyst;PT SINERGI INFORMATIKA SEMEN INDONESIA;null;Jakarta
Sales Support;PT. SEACON LOGISTIK;IDR3.000.000 - 5.000.000;Tangerang
Business Development;Solid Group Jakarta;IDR100 - 10.000.000;Tanah Abang, Jakarta
SUPERVISOR MARKETING FARMASI ETHICAL AREA JABAR;PT Gracia Pharmindo;null;Bandung
Software Developer;Houzcall Teknologi Indonesia;IDR5.000.000 - 7.000.000;Kebayoran Baru, Jakarta
Flutter Developer;Goldstep Indonesia;IDR4.000.000 - 8.000.000;Bandung
Programmer;Magang Jogja;null;Yogyakarta
Creative Production Manager (Location free);KKBC INDONESIA (PT. BRAND COMMUNICATIONS INDONESIA);IDR6.000.000 - 9.000.000;Jakarta
(dot)Net Developer - Multifinance Industry;PT. Asian Sigma Technology;IDR9.000.000 - 12.000.000;Banteng
Senior Backend Developer;Kompit;IDR10.000.000 - 18.000.000;Menteng, Jakarta
Brand Activation Manager;PT. Casa Verde Indonesia (OT Group);IDR10.000.000 - 13.500.000;Cengkareng, Jakarta
HR Manager;MINESKI INDONESIA;IDR15.000.000 - 20.000.000;Grogol Petamburan, Jakarta
Assistant - Japanese Speaker;Pt Sunto Japan Indonesia;IDR3.500.000 - 4.000.000;Jakarta
Live Streaming Host;CV. Manna Indo Lakta;IDR3.500.000 - 4.300.000;Surabaya
Sales Property;Pt Sunto Japan Indonesia;IDR3.500.000 - 4.000.000;Penjaringan, Jakarta
Dosen Digital Business;Pt Gistrav Inspira Indonesia;IDR2.500.000 - 4.000.000;Yogyakarta
Dosen Digital Marketing;Pt Gistrav Inspira Indonesia;IDR2.500.000 - 4.000.000;Yogyakarta
Guru Les untuk Anak-Anak SD-SMP-SMA;Bridge Note Indonesia;IDR2.000.000 - 15.000.000;Purwokerto
Social Media Specialist;PT Sembilan Cahaya Abadi;IDR4.000.000 - 5.000.000;Jakarta
System Analyst;PT. Powerman Indonesia;IDR10.000.000 - 15.000.000;Cempaka Putih, Jakarta
Junior Programmer;PT Stampindo Lancar Jaya;IDR5.000.000 - 7.000.000;Kembangan, Jakarta
Android Developer;Confidential Company;null;Jakarta
B2B Sales - Business Development Senior Executive;AiSensum (PT Aisensum Bigdata Analytics);IDR10.000.000 - 17.000.000;Kuningan, Jakarta
QA Engineer Replacement;Confidential Company;null;Jakarta
Digital Marketing Specialist;Impactfirst;IDR6.000.000 - 10.000.000;Jakarta
RnD Software Engineer - Backend;PT Formulatrix Indonesia;IDR8.000.000 - 16.000.000;Salatiga
Customer Service;Waysata;null;Yogyakarta
Finance Accounting and Tax Supervisor;TMP Consulting;IDR9.000.000 - 20.000.000;Kebayoran Lama, Jakarta
Back End Developer;GoSocial Indonesia;IDR1.000.000 - 2.000.000;Surabaya
Front End Developer;GoSocial Indonesia;IDR1.000.000 - 2.000.000;Surabaya
Data analyst Reviewer;Refocus;IDR18.592.443 - 18.592.543;Jakarta
Flutter Developer;PT Javan Cipta Solusi;null;Yogyakarta
Web Developer;Neo Edukasi;IDR2.000.000 - 3.500.000;Karanganyar
Barista and Crew Outlet;Myrobin;IDR1.800.000 - 2.100.000;Jakarta
Sales Manager;Pt Solusi Digital Industri;IDR10.000.000 - 20.000.000;Depok
Human Resources Manager;Pt Hui Huang Media;IDR10.000.000 - 30.000.000;Penjaringan, Jakarta
Presales Engineer;Tech Titan Group;IDR10.000.000 - 20.000.000;Jakarta
IT Infrastructure (Microsoft Base);PT Kairos Utama Indonesia;IDR15.000.000 - 20.000.000;Jakarta
Head Kitchen (Expatriate);PT. Haswara Anjaya Akeh;USD3.000 - 4.000;Denpasar
Live Streaming Host;Emudah Media Indonesia;IDR4.800.000 - 5.000.000;Cikarang
Backend DevLead (Remote);My Hunter;IDR8.000.000 - 14.000.000;Jakarta
Junior Fullstack Web Developer;Energeek The E-Government Solution;IDR3.600.000 - 4.000.000;Surabaya
Screenwriter;PT. MGANIC NATURINDO CEMERLANG;IDR5.000.000 - 6.000.000;Tangerang
Junior Backend Developer;Energeek The E-Government Solution;IDR3.600.000 - 4.000.000;Surabaya
Functional Consultant;Impactfirst;IDR8.000.000 - 15.000.000;Jakarta
Product Trainer;PT Daikin Airconditioning Indonesia;IDR8.500.000 - 9.200.000;Makassar
Host Live Streaming (Live Streaming Tiktok);Java Jones Clothing;IDR2.000.000 - 3.000.000;Cimahi
Admin Digital Marketing;Tiga Perisai Merah;IDR1.000.000 - 2.000.000;Surabaya
Accounting;PT Daikin Airconditioning Indonesia;IDR9.000.000 - 9.000.100;Jakarta
FE Developer Lead;My Hunter;IDR8.000.000 - 14.000.000;Jakarta
Funding Officer;Finfleet;IDR4.800.000 - 8.000.000;Jakarta
Vice President Marketing Payment Gateway;PT Bimasakti Multi Sinergi;IDR18.000.000 - 25.000.000;Sidoarjo
Cost Accounting Executive;Pt. Dom Pizza Indonesia;IDR7.000.000 - 9.000.000;Jakarta
Performance Management;Sysdata.id;IDR7.000.000 - 10.000.000;Jakarta
Android  (Senior);Crocodic Academy (PT Taman Kreasi Indonesia);IDR7.000.000 - 11.000.000;Jakarta
Medical Representative;Reuno Medical;IDR7.000.000 - 11.000.000;Jakarta
UI UX designer;PT Daya Rekadigital Indonesia;IDR1.500.000 - 2.000.000;Solo
QA (Fintech);Pt Abadi Sejahtera Finansindo;IDR4.000.000 - 5.000.000;Tangerang
Associate CRM and Proposal;PT. Tobe Aviasi Indonesia (TBM Aviation);IDR6.000.000 - 8.000.000;Tangerang
Interpreter - Mandarin;Language Talent Solutions;MYR4.800;Jakarta
Interpreter - French;Language Talent Solutions;MYR4.800;Jakarta
Factory Manager;CV. Manna Indo Lakta;IDR8.000.000 - 12.000.000;Surabaya
Manager of HR and People Operations;KOPERNIK;IDR18.000.000 - 24.000.000;Gianyar
Senior React js Developer;PT Merah Putih Arsitektur;IDR6.000.000 - 15.000.000;Jakarta
Human Resource;SRN Infinity Music;IDR20.000.000 - 30.000.000;Jakarta
Marketing Property  - PANGANDARAN;PT GRAND TIRTA REALTY;IDR1.000.000 - 6.000.000;Bandung
Business Development;PT. SEACON LOGISTIK;IDR3.000.000 - 4.000.000;Tangerang
Marketing Property - Yogyakarta;PT GRAND TIRTA REALTY;IDR1.000.000 - 6.000.000;Yogyakarta
Outbound Business Development Representative;Omnicloud;IDR8.000.000 - 15.000.000;Jakarta
Admin Online;PT Endorphins Prioritas Utomo;IDR3.000.000 - 4.000.000;Penjaringan, Jakarta
Senior WordPress Developer (Remote);Upscalix;IDR10.000.000 - 25.000.000;Yogyakarta
KOL Specialist;PT IBU SAYANG ANAK SUKSES;IDR4.500.000 - 5.500.000;Surabaya
Software Engineer;Agile Technica;null;Karawang
Data Engineer;PT. Rekruter Digital Indonesia;IDR20.000.000 - 40.000.000;Jakarta
Sales Executive Samarinda;Cera Production;IDR3.150.000 - 4.000.000;Samarinda
Powerbuilder - Operation Application (Insurance Company);PT. Asian Sigma Technology;IDR10.000.000 - 15.000.000;Setiabudi, Jakarta
Actuarial Manager;PT Teknologi Usaha Nusantara (Broom.id);IDR15.000.000 - 23.000.000;Jakarta
Host Live Streamer TikTok Shop;Velldei Bandung;IDR3.000.000 - 4.000.000;Cimahi
Legal Officer (General);PT Jakarta Digital Nusantara;IDR6.000.000 - 8.000.000;Jakarta
Legal Pertanahan;PT Jakarta Digital Nusantara;IDR6.000.000 - 8.000.000;Jakarta
QA Engineer (Automation);Klikcair;IDR7.000.000 - 14.000.000;Kembangan, Jakarta
Backend Engineer;Klikcair;IDR7.000.000 - 14.000.000;Kembangan, Jakarta
Marketing x Content Writer Intern;Tanamku;IDR500.000 - 3.000.000;Jakarta
Lead Content Writer;PT Jakarta Digital Nusantara;IDR6.000.000 - 8.000.000;Jakarta
SUPERVISOR HR;PT. Artha Kreasi Utama;IDR6.000.000 - 7.000.000;Jakarta
HR-GA Manager;MII CMT Indonesia;IDR8.000.000 - 10.000.000;Tangerang
Investor Relation;Harmony Land Group;IDR3.500.000 - 4.500.000;Depok
Event Specialist;Female Daily Network;IDR7.000.000 - 9.000.000;Mampang Prapatan, Jakarta
Dotnet Developer;PT Avows Technologies;IDR5.000.000 - 10.000.000;Jakarta
Senior Android Developer;PT Merah Putih Arsitektur;IDR8.000.000 - 15.000.000;Jakarta
Senior iOS Developer;PT Merah Putih Arsitektur;IDR8.000.000 - 15.000.000;Jakarta
Application Developer;PT Kairos Utama Indonesia;IDR10.000.000 - 13.000.000;Jakarta
Sales Operation Support (Intern);PT. Prospera Perwira Utama;IDR2.000.000 - 3.000.000;Kebon Jeruk, Jakarta
Copywriter Content Creator;GIO CARDIN;IDR1.500.000 - 2.500.000;Bandung
Social Media Specialist;Pt Hui Huang Media;IDR4.500.000 - 5.000.000;Penjaringan, Jakarta
live streaming tiktok / Host Live;Great Fortune Indonesia;IDR4.000.000 - 4.500.100;Cengkareng, Jakarta
Multiplayer Programmer;Confidential Company;null;Jakarta
Mandarin Translator;PT Inovasi Terdepan Nusantara;IDR12.000.000 - 18.000.000;Jakarta
Conservation Acquisition Representative - Surabaya;Yayasan Konservasi Alam Nusantara;IDR3.500.000 - 7.000.000;Surabaya
Conservation Acquisition Representative - Solo;Yayasan Konservasi Alam Nusantara;IDR3.500.000 - 7.000.000;Solo
Software Developer;Sysdata.id;IDR10.000.000 - 20.000.000;Jakarta
Internship as Data Entry for Corporate Communication Needed;Skyhigh.vip;IDR2.200.000 - 2.200.100;Jakarta
Dokter Estetika;PT Mitra Dwi Perkasa;IDR5.000.000 - 20.000.000;Tangerang
Vendor Management Senior;PT Inovasi Sukses Sentosa;IDR5.500.000 - 15.000.000;Tangerang
Legal Specialist - Intern / Contract;Pt Tipscuan Indonesia;IDR4.000.000 - 5.000.000;Depok
Curriculum Internship (Prakerja);PT. Mega Harapan Mulia (Kelas.com);IDR4.650.000 - 5.100.000;Grogol Petamburan, Jakarta
Partnership Internship;PT. Mega Harapan Mulia (Kelas.com);IDR4.650.000 - 5.100.000;Grogol Petamburan, Jakarta
Motion Graphic Designer Internship;PT. Mega Harapan Mulia (Kelas.com);IDR4.650.000 - 5.100.000;Grogol Petamburan, Jakarta
Videographer Internship;Atlaz;IDR1.000.000 - 1.500.000;Tangerang
Staf Bimbel;PT Surala Suluh Karsa;IDR3.800.000 - 4.500.000;Bandung
Account Manager;PT Semesta Edukasi Kreatif;IDR8.000.000 - 10.000.000;Kebayoran Baru, Jakarta
Backend Developer (Golang);Jojonomic Pte Ltd;null;Jakarta
System Analyst;Jojonomic Pte Ltd;null;Jakarta
Senior Programmer;PT. Mindo Small Business Solutions;IDR7.000.000 - 14.000.000;Yogyakarta
Pendamping Sosial (Medan);YBM Hasuna;IDR2.500.000 - 3.500.000;Medan
KOL Specialist;PSL Agency;IDR5.000.000 - 7.500.000;Penjaringan, Jakarta
Backend Game Developer(Remote Work);Pt Teknologi Permainan Indonesia;IDR5.000.000 - 8.000.000;Jakarta
Account Executive;Socialights;IDR6.000.000 - 8.000.000;Mampang Prapatan, Jakarta
Strategic Planner;Socialights;IDR6.000.000 - 8.000.000;Mampang Prapatan, Jakarta
Finance Accounting and Tax Officer;TMP Consulting;IDR6.500.000 - 7.500.000;Cilandak, Jakarta
IT Presales;PT. Citta Parama Guna;IDR7.000.000 - 8.000.000;Jakarta
Sales Executive;Female Daily Network;IDR6.000.000 - 9.000.000;Mampang Prapatan, Jakarta
Social Media Specialist Intern;Zando Agency;IDR1.100.000 - 1.500.000;Jakarta
Tax and Accounting;PT. Satya Agrindo Perkasa;IDR5.500.000 - 7.500.000;Cengkareng, Jakarta
Video Editor Internship;PT. Mega Harapan Mulia (Kelas.com);IDR4.650.000 - 5.100.000;Grogol Petamburan, Jakarta
CRM (Customer Relatinship Management) Internship;PT. Mega Harapan Mulia (Kelas.com);IDR4.650.000 - 5.100.000;Grogol Petamburan, Jakarta
Senior WordPress Developer;Virtual Assistant For Everyone;IDR10.000.000 - 25.000.000;Semarang
Android Developer;KREDINESIA (PT Kreditku Teknologi Indonesia);IDR12.000.000 - 15.000.100;Kembangan, Jakarta
General Manager;Visindo Teknologi Berjaya;IDR25.000.000 - 35.000.000;Menteng, Jakarta
Supervisor Store;Salad Nyoo;IDR2.500.000 - 3.500.000;Jakarta
Associate Product Manager;PT Osell Selection Indonesia;IDR6.000.000 - 8.000.000;Jakarta
Online Beauty Advisor/ Live Streaming;PT. Tiktech Media Nusantara;IDR3.000.000 - 7.000.000;Sunter, Jakarta
BUILDING MANAGER;PT. Artha Kreasi Utama;IDR5.000.000 - 7.000.000;Jakarta
Senior Data Engineer;PT Teknologi Usaha Nusantara (Broom.id);IDR15.000.000 - 25.000.000;Jakarta
Business Development Associate;Zero One Group;IDR5.000.000 - 8.000.000;Jakarta
Senior Frontend Engineer;PT Teknologi Usaha Nusantara (Broom.id);IDR15.000.000 - 25.000.000;Jakarta
Senior Backend Engineer;PT Teknologi Usaha Nusantara (Broom.id);IDR15.000.000 - 25.000.000;Jakarta
Sales and Marketing Specialist;PT. Ebdesk Teknologi;IDR5.000.000 - 7.000.000;Denpasar
Sales Manager - Property;Pt Quanta Land Indonesia;IDR10.000.000 - 15.000.000;Tangerang
VueJS Developer;PT. Asian Sigma Technology;IDR8.000.000 - 12.000.000;Pesanggrahan, Jakarta
Seketaris Direktur;PT Rajawali Anugrah Resources;IDR5.000.000 - 7.000.000;Tanah Abang, Jakarta
Finance Executive;eVantage Technology Pte Ltd;IDR5.000.000 - 7.000.000;Batam
Client Relationship Officer;PT. SOLID GOLD JAKARTA;IDR5.000.000 - 7.000.000;Jakarta
Fullstack Developer Java;Sysdata.id;IDR8.000.000 - 20.000.000;Jakarta
Conservation Acquisition Representative - Yogyakarta;Yayasan Konservasi Alam Nusantara;IDR3.500.000 - 7.000.000;Yogyakarta
Assistant;Pt. Neho Global Trading;IDR5.000.000 - 10.000.000;Penjaringan, Jakarta
Full Stack Senior .NET Developer;Andal Software;null;Jakarta
Admin Social Media;Hivenley;IDR1.500.000 - 2.000.000;Bantul
GM Human Capital and General Affair;PT Bimasakti Multi Sinergi;IDR15.000.000 - 21.000.000;Sidoarjo
General Manager Partnership Provider Telco (Pulsa);PT Bimasakti Multi Sinergi;IDR15.000.000 - 21.000.000;Sidoarjo
Supervisor General Affair;Jakmall.com;IDR5.500.000 - 7.000.000;Jakarta
Software Developer - Outsource;Pt Profescipta Wahanatehnik;IDR7.500.000 - 10.000.000;Matraman, Jakarta
IT Application Developer;Oto Group;IDR10.000.000 - 12.000.000;Jakarta
Research Manager (APAC Area);EMERHUB;IDR30.000.000 - 60.000.000;Jakarta
Backend Developer;Moonlay Technologies;IDR10.000.000 - 16.000.000;SCBD, Jakarta
ADMIN SUPPORT;Pt Canny Elevator Indonesia;IDR3.000.000 - 4.500.000;Menteng, Jakarta
HELPER LOGISTIC LOGISTIK;Pt Canny Elevator Indonesia;IDR3.000.000 - 4.500.000;Menteng, Jakarta
Marketing;PT. Pratamindo Mitra Rizky;IDR30.000.000 - 45.000.000;Surabaya
Accounting Staff;PT. Mega Panen Abadi (Panama Sandal);IDR3.800.000 - 4.000.000;Kembangan, Jakarta
Store Manager;PT. Segar Setia Bersama;IDR8.000.000 - 10.000.000;Depok
HOST LIVE STREAMING FOR BRAND KRONIKEL;PT Serikat Anak Nusantara Sukses;IDR2.500.000 - 3.000.000;Sunter, Jakarta
Google Ads Account Executive;PT Sistem Manajemen Dewarangga;IDR4.641.854 - 5.641.854;Depok
Middle / Senior Back End Developer (Java) T24;PT. Asian Sigma Technology;IDR12.000.000 - 13.000.000;Jakarta
Senior Account Manager - English CV only;Data Arts Xperience;IDR8.000.000 - 50.000.000;Jakarta
Android Developer;PT Drop Global Tech;IDR8.000.000 - 10.000.000;Jakarta
Backend Developer;Magna Solusi Indonesia;IDR8.000.000 - 20.000.000;Jakarta
Senior Talent Acquisition;EMERHUB;IDR9.000.000 - 15.000.000;Jakarta
Graphic Designer;PT. Lagoi Interactive Indonesia;null;Tangerang
Quality Control;CV. Anugerah Jaya Abadi;IDR3.800.000 - 4.250.000;Bandung
Clinical Psychologist - for Online and Offline Counselling;Bicarakan.id;IDR10.000.000 - 20.000.000;Jakarta
Partnership Intern;PT. Topindo Atlas Asia;IDR1.000.000 - 2.000.000;Kemayoran, Jakarta