profesi,perusahaan,gaji,lokasi
Logistics Import Staff,Brainworx Solusi Integrasi,IDR4.600.000 - 10.000.000,Kebayoran Baru,Jakarta
Accounting and Finance Import Staff,Brainworx Solusi Integrasi,IDR4.600.000 - 10.000.000,Kebayoran Baru,Jakarta
Mitra Sales Acquisition,PT Valbury Asia Futures,IDR2.000.000 - 4.000.000,Surabaya
Import Staff,Brainworx Solusi Integrasi,IDR4.600.000 - 10.000.000,Kebayoran Baru,Jakarta
Senior Admin Online,MailTank Indonesia,IDR3.500.000 - 4.500.000,Tangerang
Sales Officer,PT GEMA MULIA SEMESTA (SOUVIA),IDR5.000.000 - 8.000.000,Bogor
Desain Grafis,Pt Mahkota Sukses Indonesia,IDR4.000.000 - 6.000.000,Jakarta
QA Analyst,VhiWEB,IDR4.000.000 - 5.500.000,Surabaya
Medical Representative - Jakarta Area,DPE,IDR6.000.000 - 7.000.000,Jakarta
Business Development / Sales,PT Infini Oase Teknologi,IDR7.000.000 - 10.000.000,Kebayoran Lama,Jakarta
Senior Net Developer,Getz Group Indonesia,IDR12.000.000 - 17.000.000,Bandung
Senior Net Developer,Globaltech Mandiri Indonesia,IDR12.000.000 - 17.000.000,Bandung
Sales Executive,PT Saba Indomedika,IDR4.000.000 - 7.000.000,Balikpapan
HOST LIVE TIKTOK,Great Fortune Indonesia,IDR4.000.000 - 4.000.100,Cengkareng,Jakarta
Business Development Manager,PT. Inti Buana Kesehatan Nawasena (Healthpro),IDR7.000.000 - 9.000.000,Tanah Abang,Jakarta
Technical Documentation Specialist,PT Mplus Solusi Perdana,IDR8.000.000 - 10.000.000,Menteng,Jakarta
DevOps Engineer,PT Mplus Solusi Perdana,IDR8.000.000 - 10.000.000,Menteng,Jakarta
Account Manager (FEMALE) - Jakarta Based,Pt Cibes Lift Indonesia,IDR5.000.000 - 7.000.000,Pondok Indah,Jakarta
Account Manager (FEMALE) - Surabaya,Pt Cibes Lift Indonesia,IDR5.000.000 - 7.000.000,Surabaya
Database Administrator (DBA),PT Pasti Makmur Abadi,IDR9.000.000 - 15.000.000,Jakarta
Senior Solution Analyst,PT Pasti Makmur Abadi,IDR12.000.000 - 17.000.000,Jakarta
Funding and Adjustment Coordinator ( FULL ENGLISH SPEAKING ),Infinity Energy,Inc,IDR7.000.000 - 9.000.000,Jakarta
Merchandising and Assortment BD,Wonabuy,IDR10.000.000 - 20.000.000,Jakarta
Leader of Creator Management or IPM,Wonabuy,IDR10.000.000 - 20.000.000,Jakarta
Social Media Specialist,Jakmall.com,IDR4.500.000 - 6.000.000,Kebon Jeruk,Jakarta
Accounting Officer,PT Jakarta Digital Nusantara,IDR4.500.000 - 6.000.000,Jakarta
Performance Marketing Specialist,Pt. Sahabat Promosi Anda,IDR6.000.000 - 8.500.000,Tangerang
TRANSLATOR MANDARIN,Pt Innovation Hongtai Technology,IDR7.000.000 - 18.000.000,Tangerang
FULLSTACK DEVELOPER,Pt. Jaya Agung Teknologi,IDR8.000.000 - 20.000.000,Jakarta
Content Writer,Kee Indonesia,IDR4.000.000 - 6.000.000,Penjaringan,Jakarta
Guru Desain Grafis (Full-Time),PT Gapai Cita Rahardjo,IDR2.000.000 - 3.000.000,Yogyakarta
Field Assistant (Jala Impact),Jala Tech,IDR2.200.000 - 2.800.000,Palu
Full Stack Developer,Elitely Group,IDR5.000.000 - 9.000.000,Jakarta
Teller Top Up (Bank),PT. Mutualplus Global Resources (Jakarta Representative),IDR4.500.000 - 4.600.000,Tangerang
Field Assistant (Jala Farm),Jala Tech,IDR2.200.000 - 2.800.000,Sleman
SALES JAKARTA PUSAT,Pt Innovation Hongtai Technology,IDR4.000.000 - 8.000.000,Jakarta
Staff Penjualan / Telesales (Surabaya),PRATAMA LANGGENG RAYA,null,Surabaya
Marketplace Specialist,Otomobile Store,IDR2.300.000 - 2.500.000,Sleman
Content marketing interns,PT Sahabat Petmu Indonesia,IDR1.000.000 - 1.500.000,Pademangan,Jakarta
HR TALENT ACQUISITION,Aeris Beaute,IDR4.500.000 - 5.000.000,Grogol Petamburan,Jakarta
Admin Finance and Accounting,Maqan Food,null,Tangerang
Personal Assistant to Director,PT. AUTOMATION JAYA ELECTRIC,IDR5.500.000 - 7.000.000,Jakarta
Automotive Mechanic Specialist,Movus Technologies,IDR4.800.000 - 7.000.000,Jakarta
Reporter (Papua / Papua Barat),Tribun Network,IDR3.200.000 - 4.500.000,Jayapura
Strategic Planning Officer,Rakamin Academy,IDR4.900.000 - 6.000.000,Jakarta
Sales Associate,PT ERDIKHA ELIT SEKURITAS,IDR4.600.000 - 5.000.000,Jakarta
Talent Live,PT Rintik Natural Indonesia,IDR2.500.000 - 3.500.000,Bandar Lampung
Human Resources Lead,MOI Group,IDR2.500.000 - 4.000.000,Yogyakarta
Account Officer Staff,SIMGROUP,IDR3.200.000 - 4.000.000,Muntok
Data Analyst Intern,Rakamin Academy,IDR1.000.000 - 2.000.000,Jakarta
Recruiter Officer,Pt Mandala Dwipantara Proteksi,IDR7.000.000 - 10.000.000,Setiabudi,Jakarta
Finance Officer,Alan Creative,null,Depok
Business Development,PT Vasco Eksplorasi Kreasi,IDR4.000.000 - 5.500.000,Tangerang
FULL TIME SOCIAL MEDIA SPECIALIST,Nyne Creative Agency,IDR5.000.000 - 6.500.000,Penjaringan,Jakarta
Content Writer - Paid Internship [FULL WFO],Sevenads,IDR1.000.000 - 1.500.000,Grogol Petamburan,Jakarta
Finance Intern,Pt Merah Cipta Media,IDR1.000.000 - 1.500.000,Jakarta
HR RECRUITER,Pt. Enam Pilar Selaras,IDR3.500.000 - 6.000.000,Tangerang
Account Executive,Solid Gold Berjangka,IDR4.600.000 - 10.000.000,Tanah Abang,Jakarta
INTERNSHIP Graphic Designer,Maji Branding Agency,IDR1.500.000 - 2.000.000,Kebonjeruk
Barista and Supervisor Mixue Jakarta Pusat,Pt Best / Doctor Accu,IDR3.000.000 - 4.500.000,Tanah Abang,Jakarta
Customs Operations,PT. SEACON LOGISTIK,IDR2.000.000 - 3.000.000,Tangerang
Sales Associate,Tomaple Gourmet Potato Donuts,IDR4.500.000 - 5.000.000,Kebayoran Baru,Jakarta
Corporate Sales Executive (Area Yogyakarta),Cera Production,IDR2.500.000 - 4.000.000,Yogyakarta
Senior DevOps Engineer,Impactfirst,IDR8.000.000 - 15.000.000,Jakarta
Data Engineer,PT Bawana Margatama,IDR5.500.000 - 10.000.000,Jakarta
Content Writer,PT Jakarta Digital Nusantara,IDR4.000.000 - 6.000.000,Jakarta
Project Manager,Zero One Group,IDR7.000.000 - 9.000.000,Jakarta
Supervisor Sales Force,Pt Sarwa Manggalla Raya,IDR5.000.000 - 6.500.000,Surabaya
Graphic Designer,Confidential Company,null,Batam
SALES YOGYA-SOLO,Pt Innovation Hongtai Technology,IDR3.500.000 - 8.000.000,Yogyakarta
SALES BANDAR LAMPUNG,Pt Innovation Hongtai Technology,IDR3.500.000 - 8.000.000,Bandar Lampung
Data Analyst,Zero One Group,IDR5.000.000 - 7.000.000,Jakarta
Sales,PT. PRIMAKEMAS CEMERLANG,IDR4.000.000 - 6.000.000,Jakarta
Account Receivable Officer atau Staff Penagihan,SIMGROUP,IDR2.500.000 - 3.500.000,Sanggau
Fullstack Developer,Confidential Company,null,Jakarta
Junior Programmer,DPE,IDR4.000.000 - 4.500.000,Bandung
Presales Engineer,Confidential Company,null,Jakarta
Product Manager,Confidential Company,null,Jakarta
Koordinator Sales dan Marketing,CV Terang Mulia,null,Bandung
Business Consultant,SG Batavia,IDR4.500.000 - 8.000.000,Tanah Abang,Jakarta
Personal Assistant to the Executive,Pt. Sukses Indoraya Gemilang,IDR6.000.000 - 10.000.000,Menteng,Jakarta
Sales Project,PT. ANAGATA PROGRES TEKNINDO,IDR5.000.000 - 7.000.000,Kelapa Gading,Jakarta
Social Media and Marketing Manager,Scrb : The Scrub Project,IDR6.000.000 - 10.000.000,Jakarta
Live Social Media,Zeppelin Indonesia,IDR3.000.000 - 4.000.000,Jakarta
Admin Internship,PT. STIF INDONESIA,IDR2.500.000 - 3.000.000,Bekasi
Manager Sales,Harmony Land Group,IDR5.000.000 - 7.000.000,Depok
Business Development,Plebo,IDR5.000.000 - 6.000.000,Jakarta
Human Capital Officer,VhiWEB,IDR5.000.000 - 7.000.000,Tebet,Jakarta
Sales Executive ( Penempatan Di Medan ),Indo Trans Teknologi,IDR5.000.000 - 7.000.000,Medan
SALES ADMINISTRASI COUNTER,PT Milenia Mega Mandiri,IDR4.500.000 - 5.500.000,Blok M,Jakarta
Staff Operator Mesin Marking,PT Otello Kreasi Indonesia,IDR2.000.000 - 3.500.000,Sunter,Jakarta
Technical Writer,PT Sentuh Digital Teknologi,IDR5.000.000 - 6.500.000,Jakarta
HR Officer,DPE,IDR4.250.000 - 5.000.000,Bandung
Collection Staff,PT Azbil Berca Indonesia,IDR4.700.000 - 6.500.000,Menteng,Jakarta
Area Sales Manager,PT. Hexing Technology,IDR10.000.000 - 20.000.000,Kuningan,Jakarta
Odoo Developer,Skyshi Digital Indonesia,IDR3.000.000 - 6.000.000,Yogyakarta
Automation Engineer,PT. AUTOMATION JAYA ELECTRIC,IDR6.000.000 - 10.000.000,Cakung,Jakarta
Social Media Branding (DIBUTUHKAN SECEPATNYA),Ziel Kids,IDR5.000.000 - 6.000.000,Jakarta
Admin Sales,Pt Tiga Naga Securindo,IDR2.700.000 - 4.000.000,Pademangan,Jakarta
Content Creator-Social Media (DIBUTUHKAN SECEPATNYA),Ziel Kids,IDR5.000.000 - 6.000.000,Jakarta
Marketing Associate,EMERHUB,IDR9.000.000 - 12.000.000,Denpasar
Content and Social Media Manager,FOREXimf.com,IDR7.500.000 - 9.000.000,Bandung
Barista,Wall Street English,IDR4.000.000 - 4.200.000,Bandung
Marketing Manager,Asa Ren Pte Ltd,IDR12.000.000 - 20.000.000,Kuningan,Jakarta
Social Media Specialist (TikTok),Confidential Company,null,Jakarta
IT Support,PT Eonchemicals Putra,IDR4.900.000 - 5.500.000,Tebet,Jakarta
Landlord Relation and Store License Assistant Manager,Pt. Dom Pizza Indonesia,IDR9.000.000 - 11.000.000,Jakarta
Administration Staff EF English First,EF English First Jakarta ( Swara Group ),IDR4.500.000 - 5.000.000,Jakarta
Graphic and Video Designer,CV. Manna Indo Lakta,IDR4.500.000 - 5.000.000,Surabaya
Front End developer,PT GRAND TIRTA REALTY,IDR2.200.000 - 3.000.000,Yogyakarta
Senior Accountant,EMERHUB,IDR9.000.000 - 11.000.000,Denpasar
Retail Manager (D2C Fashion Brand),Pt. Sahabat Promosi Anda,IDR8.000.000 - 12.000.000,Banteng
Graphic Designer (Marcom Designer),PT. UBC Medical Indonesia,IDR5.000.000 - 6.000.000,Jakarta
Senior E-Commerce Executive,PT Pilar Global Mandiri - Peripera Indonesia,IDR7.000.000 - 8.000.000,Gambir,Jakarta
Finance Accounting and Tax Manager,Zeppelin Indonesia,IDR9.000.000 - 11.000.000,Jakarta
DevOps Engineer,Impactfirst,IDR8.000.000 - 15.000.000,Jakarta
Media Planning Manager (Location Free),KKBC INDONESIA (PT. BRAND COMMUNICATIONS INDONESIA),IDR10.000.000 - 12.000.000,Jakarta
Supervisor Sales Luar Kota,PT Prima Inovasindo Sukses,IDR6.000.000 - 8.000.000,Cengkareng,Jakarta
Senior Delivery Manager (Location Free),KKBC INDONESIA (PT. BRAND COMMUNICATIONS INDONESIA),IDR6.500.000 - 7.500.000,Jakarta
Admin Purchasing (Retur Pembelian),PT Indopasifik Farma Medika Indonesia,IDR4.800.000 - 6.000.000,Tangerang
Front End Developer,Getz Group Indonesia,IDR5.000.000 - 10.000.000,Bandung
DRAFTER,Magran Group,null,Kemang,Jakarta
HR - Business Partner,Pt Yipu Teknologi Alami,IDR4.000.000 - 7.000.000,Yogyakarta
GENERAL AFFAIR AND OPERATION,Success Jaya Group,null,Malang
Receptionis,Finfleet,IDR4.641.854 - 4.971.954,Jakarta
Creative Supervisior,PT. Onix Kreatif Indonesia,IDR5.000.000 - 7.000.000,Jakarta
INTERN Marketing Communication / Project Management,Mitra Aplikasi Digital,IDR2.000.000 - 2.000.100,Kuningan,Jakarta
General Affair Staff,PT Jakarta Digital Nusantara,IDR4.500.000 - 5.000.000,Jakarta
ANDROID DEVELOPER,PT Arca Internasional,IDR6.000.000 - 10.000.000,Kelapa Gading,Jakarta
Manager Outlet,Accupressure Accademy,IDR4.000.000 - 4.600.000,Tangerang
Front End Developer,Globaltech Mandiri Indonesia,IDR5.000.000 - 10.000.000,Bandung
Drafter,PT Pelitamaju Multiswakarsa,IDR3.000.000 - 3.500.000,Kebon Jeruk,Jakarta
Back End Developer (Node Js),PT. Rekruter Digital Indonesia,IDR7.000.000 - 12.000.000,Tangerang
Brand and PR Manager,Klinik Pintar,IDR15.000.000 - 20.000.000,Jakarta
Java Developer,PT Avows Technologies,IDR6.000.000 - 10.000.000,Jakarta
Task Force Pelaihari,SIMGROUP,IDR3.500.000 - 5.000.000,Banjarmasin
Architect,PT Tugu Mas Nusantara,IDR3.000.000,Bandung
Sales Representive,PT. MGANIC NATURINDO CEMERLANG,IDR2.500.000 - 4.500.000,Tangerang
Marketing Communication,Solid Group Jakarta,IDR4.000.000 - 8.000.000,Tanah Abang,Jakarta
Accounting Staff,PT Superior Prima Sukses,null,Surabaya
Programmer,PT. Medion Farma Jaya,IDR5.000.000 - 7.000.000,Bandung
Graphic Designer Area Jogja,Cera Production,IDR2.500.000 - 3.500.000,Yogyakarta
Secretary (Mandarin Speaker),Pt Abadi Sejahtera Finansindo,IDR30.000.000 - 45.000.000,Tangerang
QA Tester,Indobild,null,Kemayoran,Jakarta
Ecommerce Specialist,PT Orientalent Technology Indonesia,IDR6.000.000 - 8.000.000,Kelapa Gading,Jakarta
Mobile Developer Intern,PT Suitmedia Kreasi Indonesia,IDR2.000.000 - 4.000.000,Jakarta
Graphic Design (MAC-SBY),PT. Grahadhika Sarana Purnajati (Miracle Aesthetic Clinic),IDR5.000.000 - 5.500.000,Surabaya
OPERATIONS MANAGER SKINCARE,skincaredoc.id,IDR6.000.000 - 8.000.000,Kebayoran Baru,Jakarta
Business Development Intern,Magnus Digital Indonesia,IDR2.000.000 - 2.200.000,Jakarta
Supervisor General Affair,PT Jakarta Digital Nusantara,IDR5.500.000 - 7.000.000,Kebon Jeruk,Jakarta
HR Recruiter Internship,PT. Mega Harapan Mulia (Kelas.com),IDR4.650.000 - 5.100.000,Grogol Petamburan,Jakarta
Seafood Buyer - Jabodetabek Area,eKan,IDR5.000.000 - 10.000.000,Jakarta
Android and iOS Mobile Developer [Remote],PT Karsa Omni Teknologi Adicipta,IDR8.000.000 - 12.000.000,Cilandak,Jakarta
Desk Collection Specialist (Automotive Fintech),Movus Technologies,IDR4.800.000 - 6.000.000,Jakarta
Software Engineer,Travelio,IDR10.000.000 - 15.000.000,Gambir,Jakarta
Sales Promotion Girl,Pt Quantum Tosan Internasional,IDR3.900.000 - 4.200.000,Tangerang
Social Media Staff dan Content Creator,Pt Quantum Tosan Internasional,IDR3.900.000 - 4.200.000,Bogor
System Implementor Ambon,SIMGROUP,IDR3.000.000 - 4.000.000,Ambon
Warehouse Head,PT. Anugrah Inovasi Makmur Indonesia,IDR7.000.000 - 12.000.000,Cengkareng,Jakarta
Frontend Developer (Angular),Magna Solusi Indonesia,IDR6.000.000 - 15.000.000,Jakarta
Admin Marketplace Staff dan Admin Marketing Magang,PT Inovasi Sukses Sentosa,IDR2.000.000 - 4.600.000,Kebon Jeruk,Jakarta
Sales Executive (Jawa Barat),PT. Serasi Autoraya,IDR3.300.000 - 5.000.000,Bandung
Fullstack Developer,Terralogiq,IDR5.000.000 - 6.000.000,Kemang,Jakarta
Dies Designer,Dian Raya Cipta,IDR4.500.000 - 6.000.000,Cikarang
Colorist,Di Studio Post House,IDR6.000.000 - 7.000.000,Pasar Minggu,Jakarta
Sales Manager,ValueFirst Digital Media,Masuk untuk lihat perkiraan gaji oleh Glints.,Jakarta
Social Media Content Marketing Specialist,Pt Tamita Karya Jaya Internasional,null,Palmerah,Jakarta
Sales Executive,Jakmall.com,IDR4.000.000 - 5.000.000,Jakarta
Content Creator - Part Time,PT Mica Jaya Pratama,IDR2.000.000 - 2.500.000,Penjaringan,Jakarta
Account Executive,PT Osell Selection Indonesia,IDR4.700.000 - 5.500.000,Jakarta
Software Quality Assurance,PT. Citta Parama Guna,IDR5.000.000 - 11.000.000,Jakarta
PRODUCT TECHNICAL BAKING,PT Delifru Utama Indonesia,IDR3.000.000 - 4.000.000,Gresik
Content Strategist (YouTube),Female Daily Network,IDR7.000.000 - 9.000.000,Mampang Prapatan,Jakarta
Marketing Engineer,PT Pelitamaju Multiswakarsa,IDR4.500.000 - 5.000.000,Kebon Jeruk,Jakarta
QC Service Center,PT Jakarta Digital Nusantara,IDR4.000.000 - 5.000.000,Jakarta
Senior Quality Assurance,Gakgendutlagi,IDR10.000.000 - 15.000.000,Surabaya
Pattern maker-Tailor,Ziel Kids,IDR6.000.000 - 7.000.000,Jakarta
Staff HRD,PT Sahabat Petmu Indonesia,IDR4.000.000 - 5.500.000,Pademangan,Jakarta
Finance Staff,Madani Prabu Jaya,IDR4.500.000 - 60.000.000,Jatinegara,Jakarta
HR - Sourcing Recruitment Staff,PT. Mutualplus Global Resources (Jakarta Representative),IDR4.650.000 - 5.000.000,Tanah Abang,Jakarta
Deputy Head Analytics and Insights,ilmuOne Data,IDR20.000.000 - 35.000.000,Jakarta
Deputy Head Technical Analytics,ilmuOne Data,IDR20.000.000 - 35.000.000,Jakarta
Back End Developer,PT NPS PEMUDA BERDIKARISMA,IDR15.000.000 - 17.000.000,Mampang Prapatan,Jakarta
LEGAL STAFF,PT SHAN HAI MAP,IDR6.000.000 - 9.000.000,Grogol Petamburan,Jakarta
Sales Toko Bahan Bangunan,Pt. Kristalindo Karunia International,IDR3.500.000 - 5.000.000,Jakarta
Software Developer - Remote Working,Pt Profescipta Wahanatehnik,IDR5.500.000 - 7.000.000,Matraman,Jakarta
Project Officer,Delapan Sisi Creative,null,Yogyakarta
Front End Developer,Fooyo,null,Batam
Account Executive,TEAMUP,IDR4.000.000 - 5.000.000,Kebayoran Baru,Jakarta
Bootcamp IT,PT Evolusi Teknologi Indonesia (Evoteks),Masuk untuk lihat perkiraan gaji oleh Glints.,Jakarta
QA Engineer Intern,Nalagenetics,IDR2.000.000 - 3.000.000,Jakarta
Digital Marketing,PT. Lagoi Interactive Indonesia,null,Jakarta
Business Development Executive,V3 Smart Technologies,null,Jakarta
Business Development Executive (Jabodetabek),Borong Indonesia,IDR6.000.000 - 9.000.000,Jakarta
Videographer,Otomobile Store,IDR2.500.000 - 3.000.000,Yogyakarta
Associate IT Product Manager,Houzcall Teknologi Indonesia,IDR6.000.000 - 9.000.000,Kebayoran Baru,Jakarta
Associate IT Product Manager,PT Stampindo Lancar Jaya,IDR6.000.000 - 9.000.000,Jakarta
System Engineer,PT Kairos Utama Indonesia,IDR7.000.000 - 10.000.000,Jakarta
LEGAL PERMIT - CONTENT CREATOR,Pt Tipscuan Indonesia,IDR2.000.000 - 4.000.000,Depok
QA Tester,DOERSCIRCLE,null,Batam
Marketing Executive,PT Esco Bintan Indonesia,IDR4.500.000 - 6.000.000,Tanjungpinang
Staf Operasional dan Pelayanan Teknis,Pt Yipu Teknologi Alami,IDR1.900.000 - 2.500.000,Yogyakarta
Assistant Business Development Director,TemanCEO,IDR8.000.000 - 10.000.000,Jakarta
Quality Control Inspector,PT Pradha Karya Perkasa,IDR4.000.000 - 4.300.000,Mojosari
ESC Plan Reviewer (FULL ENGLISH SPEAKING),Infinity Energy,Inc,IDR7.000.000 - 9.000.000,Jakarta
Monitoring Representative (FULL ENGLISH SPEAKING),Infinity Energy,Inc,IDR7.000.000 - 9.000.000,Jakarta
Medical Representative,Klinik Utama & Laboratorium Cmi,IDR2.600.000 - 5.200.000,Bandung
Warehouse Supervisor,PT Sukses Prestasi Kurnia,IDR3.800.000 - 4.500.000,Surabaya
VIDEO EDITOR ( FULL TIME ),Natura Foods,IDR4.000.000 - 5.000.000,Jakarta
KOL and Community Specialist,Pt Mitra Kreasi Natural,IDR4.640.000 - 6.000.000,Kelapa Gading,Jakarta
Marketing Associate,Pt Mitra Kreasi Natural,IDR4.640.000 - 6.000.000,Kelapa Gading,Jakarta
Staff Marketing (Bali),PT Gilland Ganesha,IDR4.000.000 - 4.500.000,Denpasar
Accounting Staff (Surabaya),Agung Bumi Agro,IDR4.500.000 - 5.500.000,Surabaya
Brand Associate,PT Pilar Global Mandiri - Peripera Indonesia,IDR4.000.000 - 6.000.000,Gambir,Jakarta
Production Business Development Manager,Language Talent Solutions,MYR6.000 - 6.500,Jakarta
Tiktok Content Talent/Creator,Richsweet,IDR1.200.000 - 1.800.000,Yogyakarta
Admin Officer - Mandarin Speaker,PT NIKATO VISA NUSANTARA,IDR4.500.000 - 6.000.000,Tebet,Jakarta
Senior Fullstack Mobile Developer,Virtual Assistant For Everyone,IDR15.000.000 - 25.000.000,Jakarta
Mobile Developer,PT Indocyber Global Teknologi,IDR8.000.000 - 12.000.000,Jakarta
Ruby on Rails Developer,Jitera,USD2.000 - 3.300,Jakarta
Ruby on Rails Developer,Jitera,USD2.000 - 3.300,Bandung
Information Technology Expert,Equitek,IDR9.000.000 - 13.000.000,SCBD,Jakarta
Early Childhood Education Sales Specialist,PT Karunia Pelita Edukasih,IDR4.500.000 - 10.000.000,Surabaya
 Data Preparation (Coder),Deka Marketing Research,IDR3.000.000 - 3.500.000,Cilandak,Jakarta
Junior Developer,Altrovis Technology,IDR9.000.000 - 11.000.000,TB Simatupang,Jakarta
MANAGER SALES PROPERTY,PT Indo Megah Abadi,IDR6.500.000 - 12.000.000,Bekasi
PPIC Staff,Pt. Furindosakti Sejahtera,IDR5.000.000 - 7.500.000,Cengkareng,Jakarta
Social Media Strategist,PT Sarang Indonesia Perkasa,IDR3.000.000 - 7.000.000,Jakarta
Legal Manager,PT. Multi Kontrol Nusantara,IDR15.000.000 - 20.000.000,Kuningan,Jakarta
Host Live Streaming / Content Creator / Admin Online,Gadget Key Technology,IDR3.000.000 - 3.700.000,Tambora,Jakarta
Account Executives,SG Batavia,IDR3.000.000 - 8.000.000,Tanah Abang,Jakarta
SYSTEM ENGINEER SUPORT,PT. ALL DATA INTERNATIONAL,IDR4.500.000 - 5.500.000,Jakarta
Sales Online / E-commerce,PT Prima Inovasindo Sukses,IDR3.500.000 - 4.500.000,Cengkareng,Jakarta
Market Insight Officer,Rakamin Academy,IDR5.000.000 - 5.500.000,Jakarta
Social Media Specialist,PT Chrombit Digital Lab,IDR4.500.000 - 6.000.000,Jakarta
Community Manager,EMERHUB,IDR8.000.000 - 10.000.000,Denpasar
Control Engineers,Pt. Agatos Multi Solusi,IDR3.000.000 - 5.000.000,Salatiga
Staff Gudang,PT Hokinda Citralestari,null,Medan
Admin Sales Cabang Kalimalang,PT DOMO MANAJEMEN GRUP (DOKTER MOBIL INDONESIA),IDR2.500.000 - 3.000.000,Duren Sawit,Jakarta
ICEGROUP - SUPERVISOR OUTLET - JAKARTA,Havilla Gourmet Tea,IDR4.500.000 - 4.500.100,Kebayoran Baru,Jakarta
Creative Marketing Communication,Solid Group Jakarta,IDR3.000.000 - 8.000.000,Tanah Abang,Jakarta
Creative Marketing Communication,Solid Group Jakarta,IDR3.000.000 - 8.000.000,Tanah Abang,Jakarta
Staff Accountant,Zero One Group,IDR4.750.000 - 5.500.000,Jakarta
Data Analyst,PT. Multi Kontrol Nusantara,IDR6.000.000 - 7.000.000,Kuningan,Jakarta
LMC Analyst or Senior Analyst,KOPERNIK,IDR6.000.000 - 12.000.000,Gianyar
System Analyst,Ogya Tekno Nusantara,null,Jakarta
FINANCE EXECUTIVE,PT. Scuro Lavino,,IDR6.000.000 - 7.000.000,Tangerang
SENIOR PURCHASING EXECUTIVE,PT. Scuro Lavino,,IDR6.000.000 - 7.000.000,Tangerang
Photo Editor - Night Shift,Mindreach Consulting,IDR4.000.000 - 5.500.000,Kebon Jeruk,Jakarta
Photo Editor - Afernoon Shift,Mindreach Consulting,IDR4.000.000 - 5.500.000,Kebon Jeruk,Jakarta
Photo Editor - Holiday Shift,Mindreach Consulting,IDR4.000.000 - 5.500.000,Kebon Jeruk,Jakarta
Pattern Footwear Maker,Bocorocco Shoes,IDR6.000.000 - 6.500.000,Tangerang
Personal Trainer (Bandung),PT Jaya Digital Properti (FITHUB),IDR3.000.000 - 3.700.000,Bandung
Full Stack Software Engineer,TerraDua Recruiters,IDR15.000.000 - 20.000.000,Jakarta
Sales Online,PT Jakarta Digital Nusantara,IDR4.000.000 - 4.500.000,Kebon Jeruk,Jakarta
Implementator dan Trainer Software Akuntansi Accurate (Bandung),Pt Szeto Ananda Cemerlang,IDR3.000.000 - 4.350.000,Bandung
General Manager,EMERHUB,IDR25.000.000 - 35.000.000,Surabaya
TELESALES,PT. Artha Kreasi Utama,IDR4.000.000 - 5.000.000,Jakarta
Sales Representative (Remote work) All Indonesia,PT PCBA Semikonduktor Indonesia,IDR6.000.000 - 10.000.000,Batam
Telemarketer (penempatan di Jakarta),Indo Trans Teknologi,IDR4.700.000 - 5.500.000,Jakarta
Senior VSAT Engineer and NOC Coordinator,PT Multi Trans Data,IDR8.000.000 - 11.000.000,Tanah Abang,Jakarta
Android Native Engineer (Kotlin),Aria,IDR11.000.000 - 15.000.000,Jakarta
Client Servicing Manager,Voxxy Media,IDR15.000.000 - 20.000.000,Kuningan,Jakarta
Backend Dev (Golang),My Hunter,IDR6.000.000 - 14.000.000,Jakarta
Senior WordPress Developer,Upscalix,IDR10.000.000 - 25.000.000,Semarang
Account Executive,PT Ctrip Technology Indonesia,IDR5.000.000 - 15.000.000,Jakarta
Sales Retail (Internet Service Provider),Pt Prestasi Piranti Informasi,IDR4.500.000 - 5.500.000,Jakarta
Public Relation Marketing - BALI,PT NIKATO VISA NUSANTARA,IDR4.500.000 - 5.500.000,Jakarta
Human Capital Supervisor,Pnd Ice Making System,IDR5.000.000 - 7.000.000,Gambir,Jakarta
Jr Content Creator,PT Sahabat Petmu Indonesia,IDR3.800.000 - 4.500.000,Pademangan,Jakarta
admin live streaming,Great Fortune Indonesia,IDR3.000.000 - 3.000.100,Cengkareng,Jakarta
Backend Developer,PT. Treetan Nusantara Network,IDR4.500.000 - 5.000.000,Kuningan,Jakarta
Android Developer (Flutter),PT Safepedia Global Teknologi,IDR6.000.000 - 8.000.000,Kebayoran Lama,Jakarta
SALES SUMATERA BARAT,Pt Waktu Cipta Dimensi,IDR6.000.000 - 8.000.000,Jakarta
SALES AREA SULAWESI,Pt Waktu Cipta Dimensi,IDR6.000.000 - 8.000.000,Cengkareng,Jakarta
SALES AREA MALUKU AMBON PAPUA,Pt Waktu Cipta Dimensi,IDR6.000.000 - 8.000.000,Jakarta
Staff Event,PT. Java Vapor Indonesia,IDR3.500.000 - 4.300.000,Surabaya
System Analyst,PT. Istidata Indopacific Solution Centre,IDR5.000.000 - 7.000.000,Sunter,Jakarta
Staff PPIC,PT. Java Vapor Indonesia,IDR3.500.000 - 4.300.000,Surabaya
Corporate Strategy Associate,PT Teknologi Usaha Nusantara (Broom.id),IDR5.000.000 - 8.000.000,Jakarta
Software Engineer,Bima Sakti Alterra,IDR6.500.000 - 13.000.000,Denpasar
Manager Akad,Harmony Land Group,IDR4.000.000 - 6.000.000,Depok
Pengawas Lapangan,PT Pelitamaju Multiswakarsa,IDR3.000.000 - 3.500.000,Kebon Jeruk,Jakarta
Area Restaurant Manager,Hang Tuah,IDR7.000.000 - 11.000.000,Jakarta
Manager HR,Arkline,IDR7.000.000 - 15.000.000,Cikupa
Personal Trainer (PT) Ikigai Fitness,Regulus Group,IDR3.000.000 - 20.000.000,Bogor
Sales Consultant Pertanian,Cv. Pradipta Paramita,IDR2.700.000 - 3.000.000,Blitar
Vendor Management Strategist (Pre Purchase),PT GEMA MULIA SEMESTA (SOUVIA),IDR4.000.000 - 6.000.000,Bogor
Manager Finance Accounting,PT. Haswara Anjaya Akeh,IDR15.000.000 - 25.000.000,Denpasar
Tiktok E-Commerce Livestream,Little Joy Indonesia,IDR5.000.000 - 10.000.000,Kembangan,Jakarta
Trade Marketing Supervisor,PT. Casa Verde Indonesia (OT Group),IDR6.000.000 - 7.000.000,Cengkareng,Jakarta
Quality Assurance Manual Banking - ASAP,PT. Asian Sigma Technology,IDR6.000.000 - 7.000.000,Tangerang
Live Streaming Host with Flexible Work Hour,Haynahijab,IDR2.200.000 - 3.500.000,Cimahi
IT Business Analyst,Moonlay Technologies,IDR13.000.000 - 20.000.000,Jakarta
Web Developer,Zero One Group,IDR5.000.000 - 8.000.000,Jakarta
Operasional Manager Umrah,PT.WISATA MEGA UTAMA,IDR5.000.000 - 7.000.000,Bandung
IT Product Officer,PT Global Inovasi Ventura,IDR5.000.000 - 8.000.000,Yogyakarta
Web Designer,Singapore Education Network,IDR6.000.000 - 7.000.000,Jakarta
TikTok Specialist,PT Orientalent Technology Indonesia,IDR15.000.000 - 20.000.000,Sunter,Jakarta
Business Development Manager (PT Mitra Aplikasi Digital),Mitra Aplikasi Digital,IDR8.000.000 - 10.000.000,Tebet,Jakarta
Sales (Malang),Pt Super Giga Generasi,IDR1.500.000 - 2.500.000,Malang
Sales (Surabaya),Pt Super Giga Generasi,IDR1.500.000 - 2.500.000,Surabaya
Sales (Makassar),Pt Super Giga Generasi,IDR1.500.000 - 2.500.000,Makassar
Accounting Supervisor,Varesse,IDR6.000.000 - 8.000.000,Kelapa Gading,Jakarta
Sales Admin,Avani Eco Hub,IDR2.900.000 - 3.000.000,Denpasar
Lead Software Engineer,goKampus,IDR23.000.000 - 28.000.000,Kebon Jeruk,Jakarta
live Specialist,CV. Walltsindo,IDR1.500.000 - 2.000.000,Bandung
Aesthetic Doctor,PT. Kusuma Sampurna Mulia (Kusuma Beauty Clinic),IDR7.000.000 - 10.000.000,Semarang
Account Manager,Avirtech,IDR3.500.000 - 4.500.000,Gambir,Jakarta
 Sales Direct,PT Jakarta Digital Nusantara,IDR3.500.000 - 4.500.000,Jakarta
Sales Marketing,PT. Rajawali Anugrah Resources,IDR4.000.000 - 4.400.000,Tanah Abang,Jakarta
Marketing and sales FNB,Pt Arkhita Kala Amerta,IDR4.400.000 - 4.700.000,Tebet,Jakarta
Dosen Prodi Hukum Universitas Islam Sumatera Barat,Universitas Islam Sumatera Barat,IDR2.500.000 - 7.000.000,Solok
Tutor TOEFL,FLIP English School,IDR500.000 - 1.400.000,Kediri
Full-Stack Developer,Humata Indonesia,IDR10.000.000 - 12.000.000,Jakarta
admin live streaming pria,Great Fortune Indonesia,IDR3.000.000 - 3.000.100,Cengkareng,Jakarta
Management Trainee,SG Batavia,IDR3.000.000 - 8.000.000,Tanah Abang,Jakarta
Principal Partnership Staff,PT Inovasi Sukses Sentosa,IDR5.500.000 - 8.000.000,Tangerang
Japanese Speaker Social Media Ads/SEM Specialist (Location Free),KKBC INDONESIA (PT. BRAND COMMUNICATIONS INDONESIA),IDR5.000.000 - 6.500.000,Jakarta
IT Leader,Gear Inc.,IDR5.000.000 - 8.000.000,Surabaya
IT Application Support and Admin,KB Insurance Indonesia,IDR5.000.000 - 7.000.000,Tanah Abang,Jakarta
Finance  Accounting,Bstores Indonesia,IDR3.500.000 - 4.500.000,Jakarta
Marketing Advisor,Knal Indonesia,IDR4.000.000 - 8.000.000,Jakarta
Customer Service Marketplace,Hon&yan,IDR2.500.000 - 3.000.000,Penjaringan,Jakarta
Admin Online Complaint,PT Jakarta Digital Nusantara,IDR4.000.000 - 4.500.000,Jakarta
Host Live Streamer TIKTOK (PART TIME),Kaiahati,IDR2.400.000 - 4.800.000,Tangerang
interior design,PT.CYL Abadi Indonesia,IDR5.000.000 - 10.000.000,Penjaringan,Jakarta
PRODUCTION SUPERVISOR (Fashion Manufacturing Company),MII CMT Indonesia,IDR4.000.000 - 6.000.000,Tangerang
Accounting and Tax Associate,Proyek Beta,IDR5.000.000 - 7.000.000,Jakarta
Manager Finance Controller,Visindo Teknologi Berjaya,IDR17.000.000 - 22.000.000,Menteng,Jakarta
Secretary to Director,PT. Klik Logistics Putera Harmas,IDR4.000.000 - 5.000.000,Bekasi
System Analyst,CV. Manna Indo Lakta,IDR3.500.000 - 4.300.000,Surabaya
Digital Marketing Officer,CV. Manna Indo Lakta,IDR3.500.000 - 4.300.000,Surabaya
Marketing,Pt Act Mitra Containerline,IDR4.000.000 - 6.000.000,Kelapa Gading,Jakarta
Management Trainee (Mandarin),Pt Carlcare Service Ila,IDR7.000.000 - 8.000.000,Jakarta
Event And Partnership Officer,CV. Manna Indo Lakta,IDR3.500.000 - 4.300.000,Surabaya
Graphic and Multimedia Designer,PT Organika Alam Semesta,IDR5.500.000 - 6.500.000,Kembangan
Full Stack Developer,Propertinext,IDR6.000.000 - 9.000.000,Tangerang
Fullstack Developer,Pt Via Pulsa Global Indonesia,IDR3.000.000 - 6.000.000,Yogyakarta
Front - end Developer,PT Verita Informatika,IDR7.000.000 - 9.000.000,Tanah Abang,Jakarta
Digital Marketing Supervisor,TemanCEO,IDR7.000.000 - 9.000.000,Jakarta
Junior Staff Marketing,Dian Raya Cipta,IDR4.000.000 - 5.000.000,Cikarang
Client Advisor - Sales,Maison Gadiza,IDR1.500.000 - 5.000.000,Depok
Production Supervisor - Plant Cibinong,PT. AKASHA WIRA INTERNATIONAL, Tbk.,IDR5.000.000 - 8.000.000,Cibinong
Technical Support,Pt Ada Ide Langsung Jalan,IDR3.900.000 - 4.500.000,Malang
HR - Admin Training (IT),PT. Mutualplus Global Resources (Jakarta Representative),IDR4.650.000 - 5.000.000,Tanah Abang,Jakarta
Content Creator,CV. Manna Indo Lakta,IDR3.400.000 - 4.300.000,Surabaya
Fullstack PHP Programmer,PT Asta Protek Jiarsi,IDR6.000.000 - 7.000.000,Tangerang
Warehouse Admin,PT. AUTOMATION JAYA ELECTRIC,IDR4.200.000 - 4.700.000,Cakung,Jakarta
TikTok Live Shopping Host,Zando Agency,IDR4.000.000 - 7.000.000,Penjaringan,Jakarta
Mathematics/Matematika Teacher/Tutor,A For Effort,IDR8.000.000 - 10.000.000,Mampang Prapatan,Jakarta
Live Streamer (D2C Fashion Brand),Pt. Sahabat Promosi Anda,IDR4.500.000 - 5.500.000,Tangerang
Coordinator event Yuk Grup,Pt Arkhita Kala Amerta,IDR4.000.000 - 4.800.000,Tebet,Jakarta
Psikolog,PT. Mutualplus Global Resources (Jakarta Representative),IDR6.000.000 - 7.000.000,Tanah Abang,Jakarta
Business Development Executive,Coinstore (Remote Working),USD600 - 1.000,Jakarta
Business Development Director,TemanCEO,IDR40.000.000 - 50.000.000,Jakarta
Sales B2B,Treeletrik Indonesia,IDR5.000.000 - 6.000.000,Kebayoran Baru,Jakarta
Sales Counter,Treeletrik Indonesia,IDR5.000.000 - 6.000.000,Kebayoran Baru,Jakarta
Graphic designer / video editor / social media creative,Batik Wolter,IDR5.000.000 - 7.000.000,Kebon Jeruk,Jakarta
Copywriter Tiktok storytelling / copywriting content creator,Batik Wolter,IDR5.000.000 - 7.000.000,Kebon Jeruk,Jakarta
Senior Accounting Staff,Edukarir Indonesia,IDR5.000.000 - 7.500.000,Grogol Petamburan,Jakarta
Store Associate / Pramuniaga,Hijaberlin,IDR3.000.000 - 4.000.000,Makassar
Team Leader WordPress Front End Developer,DeskTeam360.com,IDR4.650.000 - 6.510.000,Malang
RnD Officer,Bima Sakti Alterra,IDR5.000.000 - 8.000.000,Denpasar
LEADER PRODUKSI,PT. KRESNA AMAN NUSANTARA,IDR3.000.000 - 4.200.000,Tangerang
Junior Performance Marketing Consultant,Ematic Solutions ID,IDR9.000.000 - 13.000.000,Jakarta
IT Project Management Officer,Mitramas Infosys Global,IDR6.000.000 - 8.000.000,Tebet,Jakarta
Pembuat Pola-Jahit,Ziel Kids,IDR5.000.000 - 6.000.000,Jakarta
Key Account Executive (Sales marketplace),PT. Borwita Indah,IDR5.000.000 - 9.000.000,Jakarta
Product and Editorial Photographer/Videographer Intern,Kasual,null,Jakarta
Sales and Marketing,PT Berserah Bersyukur Berusaha,IDR3.000.000 - 10.000.000,Surabaya
Sales Account Manager,PT Siseda Pepade,IDR15.000.000 - 20.000.000,Serang
Senior Admin CS-URGENT,Ziel Kids,IDR3.500.000 - 4.500.000,Jakarta
Associate Consultant,PT Yong Kurniawan Akselera,IDR5.500.000 - 6.500.000,Tebet,Jakarta
Admin Quality Assurance (QA),PT. Cahaya Poles Mulia,IDR1.900.000 - 2.200.000,Nganjuk
Project Officer - Nutritionist,Bert's,IDR5.000.000 - 6.000.000,Kuningan,Jakarta
Urban Designer,Pt Quanta Land Indonesia,IDR5.000.000 - 9.000.000,Tangerang
Back Office Perbankan (Admin),PT. Mutualplus Global Resources (Jakarta Representative),IDR4.650.000 - 5.000.000,Tanah Abang,Jakarta
HOST LIVE STREAMING,MIYO BEAUTY,IDR2.000.000 - 3.000.000,Tangerang
TECHNICAL SUPPORT - DI YOGYAKARTA,Pt Luna Aplikasi Indonesia,IDR3.000.000 - 4.000.000,Yogyakarta
Video Editor (Remote Work),Trident Digital,IDR5.650.000,Jakarta
Design Staff,Pt Carlcare Service Ila,IDR6.000.000 - 8.000.000,Jakarta
Python Developer,PT Mplus Solusi Perdana,IDR8.000.000 - 10.000.000,Cilandak,Jakarta
FREELANCE TALENT CONTENT,PT Edukasi Banjir Rezeki (IndoCoach Management),IDR1.000.000 - 2.000.000,Bantul
Web Developer (WordPress),PT Digi Porta Semesta,IDR5.000.000 - 6.500.000,Matraman,Jakarta
Project Coordinator,Zero One Group,IDR5.000.000 - 7.000.000,Jakarta
Campaign Planner,StyleDoubler,null,Jakarta
Support Programmer,PT Global Inovasi Ventura,IDR5.000.000 - 7.000.000,Yogyakarta
Sales Customer Acquisition,Kerjoo,IDR2.500.000 - 5.000.000,Denpasar
Product Owner,Koltiva,null,Jakarta
Marketing and Communication Staff,PT Inovasi Sukses Sentosa,IDR4.600.000 - 5.500.000,Kebon Jeruk,Jakarta
Fullstack Engineer,Pt Abadi Sejahtera Finansindo,IDR7.000.000 - 13.000.000,Tangerang
 Data Preparation - Scripter,Deka Marketing Research,IDR4.000.000 - 4.800.000,Kebayoran Baru,Jakarta
Direct Sales,PT Rajawali Anugrah Resources,IDR3.000.000 - 5.000.000,Tanah Abang,Jakarta
Middleware Developer (Software AG Webmethod),Indonesia Logistics Community Service,IDR10.000.000 - 16.000.000,Jakarta
Machine Learning,MNC Portal Indonesia,IDR6.000.000 - 12.000.000,Jakarta
Community Intern,Coinvestasi,IDR1.000.000 - 1.500.000,Blok M,Jakarta
IT Business Solution,PT Sarana Maju Lestari,IDR7.000.000 - 10.000.000,Mampang Prapatan,Jakarta
SEO Manager / SEO Specialist,Motion The Agency,IDR7.000.000 - 11.000.000,Denpasar
Assistant Manager (Mandarin Speaker),PT Blue Ocean Heart (Vivo Surabaya),IDR5.500.000 - 7.000.000,Surabaya
ADMIN PRODUK,PT Natura Nuswantara Nirmala,IDR4.000.000 - 5.000.000,Tangerang
Digital Performance Marketing Specialist,Kolabora Group,IDR5.000.000 - 7.000.000,Tangerang
Coding Teacher,Wardaya College,IDR5.000.000 - 7.000.000,Grogol Petamburan,Jakarta
Junior - Middle Frontend Developer,PT Pasti Makmur Abadi,IDR6.000.000 - 9.000.000,Jakarta
Admin Sales,PT Mustika Land,IDR3.000.000 - 4.500.000,Sukamulya
Purchasing Staff,PT. Biotis Pharmaceuticals Indonesia,null,Bogor
Online Sales Admin,MemeFlorist,IDR3.000.000 - 4.500.000,Semarang
Operation Manager,Avirtech,IDR10.000.000 - 20.000.000,Jakarta
Back End Developer,Altrovis Technology,IDR7.000.000 - 10.000.000,TB Simatupang,Jakarta
Field Sales Executive (B2B),Meda,IDR4.000.000 - 5.000.000,Surabaya
TEACHER,LIVESMART INDONESIA,IDR5.000.000 - 7.500.000,Tangerang
Digital Marketing Analyst,Island Media Management,IDR5.000.000 - 8.000.000,Denpasar
Programmer,Pt Satkomindo Mediyasa,IDR6.000.000 - 7.000.000,Jakarta
Digital Marketing,PT. LAVANYA SOLUSI HUMANIKA,IDR4.000.000 - 5.000.000,Jakarta
Mobile Engineer,Braga Technologies,IDR6.000.000 - 8.000.000,Bandung
Growth Marketing Specialist,Kerjoo,IDR4.000.000 - 7.500.000,Yogyakarta
Management Trainee,Indosukses Futures,IDR4.000.000 - 10.000.000,Jakarta
Product Lead,YoRipe,IDR30.000.000 - 40.000.000,Jakarta
Enterprise Support Engineer,PT. Equnix Business Solutions,IDR5.000.000 - 8.000.000,Jakarta
Software Engineer,Mitramas Infosys Global,IDR6.000.000 - 8.000.000,Tebet,Jakarta
Thumbnail Graphic Designer (YouTube Thumbnail),Female Daily Network,IDR6.000.000 - 7.000.000,Mampang Prapatan,Jakarta
Sales Data Analyst Staff,PT. Casa Verde Indonesia (OT Group),IDR6.000.000 - 6.500.000,Cengkareng,Jakarta
Host Livestream Specialist,Howel And Co,IDR4.000.000 - 4.800.000,Tambora,Jakarta
Marketing and Partnership Intern (MEDAN Base),Topremit,IDR1.500.000 - 2.000.000,Medan
Social Media Officer/ Content Creator,The Republic Of Svarga,IDR5.000.000 - 8.000.000,Tangerang
DIBUTUHKAN SEGERA CREW OUTLET AYAM BLENGER PSP,Ayam Blenger PSP,IDR2.000.000 - 2.500.000,Tangerang
QA Automation Engineer,Inphosoft,null,Jakarta
Account Executive,Deka Marketing Research,IDR3.000.000 - 3.500.000,Cilandak,Jakarta
Social Media Managers,PT. BOUNCHE INDONESIA,null,Jakarta
Frontend Developer,Beyondsoft International,IDR25.000.000 - 34.000.000,Jakarta
Crypto And PKI Engineer Developers,Autentika,null,Jakarta
Backend Developer,Beyondsoft International,IDR25.000.000 - 34.000.000,Jakarta
Content Creator/Social Media Specialist,Pt. Mustafa Kuliner Indonesia,null,Jakarta
Engineering,PT Fuji Elevator Indonesia,null,Menteng,Jakarta
Linux Engineer,Euronet Worldwide,IDR15.000.000 - 21.000.000,Cilandak,Jakarta
Remedial Officer Demak,PT. Nusapala Group,IDR2.500.000 - 6.000.000,Demak
CONTENT MARKETING SKINCARE,skincaredoc.id,IDR7.000.000 - 8.000.000,Kebayoran Baru,Jakarta
SALES ACQUISITION,PT. BINAJASA ABADIKARYA,IDR5.100.000 - 8.000.000,Duren Sawit,Jakarta
Project Manager (Banking),PT. Rekruter Digital Indonesia,IDR10.000.000 - 20.000.000,Jakarta
Back End Developer,PT Evolusi Teknologi Indonesia (Evoteks),IDR6.000.000 - 12.000.000,Jakarta
CUSTOMER SERVICE STAFF,Pt Acc Express,IDR3.500.000 - 5.000.000,Jakarta
TIKTOK STORY TELLER SCRIPT WRITER / COPYWRITING,Batik Wolter,IDR5.000.000 - 7.000.000,Kebon Jeruk,Jakarta
Senior WordPress Developer (Woocommerce),PT Karun Inovasi Lestari,IDR10.000.000 - 20.000.000,Semarang
Admin Support (Google Ads),PT Sistem Manajemen Dewarangga,IDR4.641.854 - 5.641.854,Bekasi
Finance Manager,PT MeToo Beauty International,IDR13.000.000 - 18.000.000,Grogol Petamburan,Jakarta
Full Stack Developer,Umify,IDR25.000.000 - 30.000.000,Jakarta
IOS Developer,Adinata Mitra Solusi,IDR5.000.000 - 15.000.000,Jakarta
Manager Marketing,Visindo Teknologi Berjaya,IDR15.500.000 - 20.000.000,Menteng,Jakarta
Fullstack Tech Lead,Cloud Thought LTD,null,Jakarta
LOGISTIC MANAGER,PT Magnet Solusi Integra,IDR9.000.000 - 10.000.000,Mojokerto
Unity Developer,Cakeplabs,IDR7.000.000 - 10.000.000,Denpasar
Trainer,PT Advisindo Artitiska,IDR8.000.000 - 9.000.000,Jakarta
Pre-Sales (CRM),Mekari,IDR5.000.000 - 8.000.000,Jakarta
Sales/NBD,Think.web,null,Jakarta
Accounting Staff,Pt Mitra Kreasi Natural,IDR5.000.000 - 7.000.000,Jakarta
Full Stack Developer,Magna Solusi Indonesia,IDR5.500.000 - 8.000.000,Jakarta
Product Engineer Apps,ilmuOne Data,IDR5.000.000 - 10.000.000,Jakarta
Community Partnerships Executive,Y Ventures Group PTE LTD,SGD300 - 600,Jakarta
Admin Marketplace,PT Benteng Multi Indotama,IDR4.500.000 - 5.500.000,Tangerang
HR Generalist,PT Ctrip Technology Indonesia,IDR6.000.000 - 15.000.000,Jakarta
Sales,PT. Segar Setia Bersama,IDR4.000.000 - 5.000.000,Depok
Product Manager,Avirtech,IDR6.000.000 - 15.000.000,Jakarta
BOOTCAMP DEVELOPER TESTING,Adinata Mitra Solusi,IDR4.500.000 - 7.500.000,Jakarta
UI/UX Web Designer,Kerjoo,IDR3.000.000 - 5.000.000,Yogyakarta
Ruby on Rails Developer,R/GA,null,Jakarta
Content Creator,Djatgo,IDR3.500.000 - 5.000.000,Penjaringan,Jakarta
Junior Product Engineer WEB,ilmuOne Data,IDR5.000.000 - 8.000.000,Jakarta
Purchasing Staff,Tatonas,IDR2.000.000 - 4.100.000,Yogyakarta
Campaign and Creative Lead,Madeviral,IDR6.000.000 - 10.000.000,Kembangan,Jakarta
Area Activation Coordinator,PT. AKASHA WIRA INTERNATIONAL, Tbk.,IDR4.600.000 - 5.500.000,Jakarta
Front End Programmer,PT. Multi Kontrol Nusantara,IDR5.000.000 - 5.500.000,Kuningan,Jakarta
Drafter,PHOMI Indonesia,IDR3.000.000 - 5.000.000,Jakarta
Sales Promotion Supervisor,DPE,IDR4.000.000 - 4.500.000,Bandung
Blockchain Programmer,Pt Baron Biondi William,IDR10.000.000 - 15.000.000,Penjaringan,Jakarta
Fullstack Developer,Pt Satkomindo Mediyasa,IDR5.750.000 - 10.250.000,Jakarta
Personal Assistant,BuyMe,IDR4.500.000 - 8.000.000,Jakarta
Branch Manager,Celebrity Dental Clinic,IDR4.200.000 - 8.000.000,Tangerang
GRAPHIC DESIGNER,LIVESMART INDONESIA,IDR4.000.000 - 5.500.000,Tangerang
PR Manager (Food and Beverages),PT. Harapan Baru Lidia,IDR7.000.000 - 8.500.000,Kemang,Jakarta
Mentor Golang,Widya Edu,null,Yogyakarta
Mentor Internet of Things,Widya Edu,null,Yogyakarta
Sales Development Representative - HR,Mekari,IDR5.000.000 - 6.000.000,Jakarta
Quality Control Analyst,Pt. Global International Foods,IDR4.500.000 - 5.000.000,Tangerang
Online Admin,Mils Technologies,IDR3.000.000 - 3.300.000,Penjaringan,Jakarta
Admin Tiktok,Great Fortune Indonesia,IDR3.000.000 - 3.000.100,Cengkareng,Jakarta
ADMIN ACCOUNTING,Kokikan,IDR5.000.000 - 6.000.000,Kebayoran Lama,Jakarta
Marketplace (Ecommerce) Specialist,Cecefavors,null,Bandung
Supervisor Produksi,PT. Java Vapor Indonesia,IDR3.500.000 - 4.300.000,Surabaya
General Affair,PT. Java Vapor Indonesia,IDR3.500.000 - 4.300.000,Surabaya
Perawat Homecare,Tri Mulia Husada,IDR4.500.000 - 6.000.000,Jakarta
Organizational Development Specialist,PT Hana Fashion,IDR5.000.000 - 6.500.000,Jakarta
Tax Analyst,PT. Mutualplus Global Resources (Jakarta Representative),IDR6.000.000 - 8.000.000,Tanah Abang,Jakarta
Remedial Officer Pekalongan,PT. Nusapala Group,IDR2.000.000 - 6.000.000,Pekalongan
Node JS/React Programmer,Telogic LTD,IDR10.000.000 - 15.000.000,Jakarta
IT Consultant,Aegin Prima Solusi,IDR5.000.000 - 8.000.000,Kebon Jeruk,Jakarta
SAP Treasury,Avows Technologies,IDR30.000.000 - 35.000.000,Jakarta
Translator Mandarin,PT. Hey Fish Indonesia,IDR7.000.000 - 12.000.000,Grogol Petamburan,Jakarta
Social Media Intern,Kasual,IDR1.500.000 - 2.000.000,Kemang,Jakarta
Full Stack Developer,Pt. Dom Pizza Indonesia,IDR6.000.000 - 6.500.000,Jakarta
Quality Assurance Inspector,PT.Alliance Consumer Product Indonesia,IDR3.000.000 - 4.000.000,Pematangsiantar
Teknisi Barang Elektronik - Kebun Besar Tangerang,PT Sumber Daya Menamas-prime Resources,IDR4.100.000 - 4.200.000,Tangerang
Marketing Analyst,ilmuOne Data,IDR5.000.000 - 8.000.000,Jakarta
FRONTEND DEVELOPER,PT. Dizytech Bangun Asia,IDR3.000.000 - 5.000.000,Medan
Administrasi Umum,Osbond Gym,IDR3.000.000 - 4.500.000,Jakarta
Admin Purchashing,PT. Oremco Global Mandiri,IDR3.000.000 - 4.000.000,Bekasi
Sales Manager,PT Digi Porta Semesta,IDR10.000.000 - 15.000.000,Matraman,Jakarta
Google Advertiser,Pt Via Pulsa Global Indonesia,IDR2.500.000 - 4.000.000,Yogyakarta
Meta Advertiser,Pt Via Pulsa Global Indonesia,IDR2.500.000 - 4.000.000,Yogyakarta
Digital Marketing Lead (Work From Home),Sociabuzz,IDR5.000.000 - 7.000.000,Bandung
Backend Engineer (NodeJS) - Remote,Prieds ( PT Solusi Kebutuhan Teknologi),IDR7.000.000 - 8.500.000,Jakarta
Internship Batch 9 - Digital Marketing,Rh Tours,IDR1.999.900 - 2.000.000,Bekasi
Dokter Estetika,SOZO Skin Clinic / PT Pohon Biru Jaya,IDR5.000.000 - 7.000.000,Bekasi
Programmer,Act Foundation,IDR5.000.000 - 10.000.000,Cilandak,Jakarta
Sales Representative (Remote work),PT PCBA Semikonduktor Indonesia,IDR4.000.000 - 5.000.000,Batam
Backend NEST JS,Asean Fintech Group,IDR8.000.000 - 10.000.000,Semarang
Fullstack Developer (Remote),Upscalix,IDR4.000.000 - 8.000.000,Yogyakarta
Video Editor,Lilybelleclothing,IDR1.000.000 - 3.000.000,Taman Sari,Jakarta
Data Scientist,PT. Ebdesk Teknologi,IDR5.000.000 - 7.800.000,Jakarta
Sales Promotion Girl Otomotif (Bogor),Pt. Oto Klix Indonesia,IDR3.500.000 - 3.700.000,Jawa
General Affair Staff,PT. Multi Kontrol Nusantara,IDR4.600.000 - 5.500.000,Kuningan,Jakarta
Curriculum Internship,PT. Mega Harapan Mulia (Kelas.com),IDR4.650.000 - 5.100.000,Grogol Petamburan,Jakarta
Senior Web Developer,Bocorocco Shoes,IDR12.000.000 - 17.000.000,Tangerang
Sales Promotion,Pt.  Pachira Distrinusa,IDR3.700.000 - 3.800.000,Bandung
Content Creator (Decoration),Cecefavors,IDR100 - 200,Bandung
Admin Internship,Pt The Lorry Online Indonesia,IDR1.400.000 - 1.500.000,Pesanggrahan,Jakarta
TEKNISI,PT. Scuro Lavino,,IDR4.500.000 - 5.500.000,Tangerang
Technical Support Staff (ERP System),PT. AKASHA WIRA INTERNATIONAL, Tbk.,IDR4.600.000 - 6.000.000,Cempaka Putih,Jakarta
TeleMarketing (SMA/SMK),Satukelas,IDR3.700.000 - 9.000.000,Pasar Minggu,Jakarta
Senior Arsitek,Haenness Prima Consultindo,IDR8.000.000 - 10.000.000,Kembangan,Jakarta
Creative Graphic Designer,SevenPack,IDR3.000.000 - 5.000.000,Tangerang
Social Media Specialist,PT. MIC TRANSFORMER,IDR2.000.000 - 5.000.000,Malang
Drafter FTTH,PT. Multi Kontrol Nusantara,IDR4.500.000 - 5.500.000,Kuningan,Jakarta
Sales Admin,Xcellen Pte Ltd,null,Jakarta
E-commerce Marketing Staff,PT. Casa Verde Indonesia (OT Group),IDR6.000.000 - 6.500.000,Cengkareng,Jakarta
Software Engineer,Indonesia Mobile Exchange,IDR10.000.000 - 13.000.000,Gambir,Jakarta
Customer Service Intern (SPANISH),Cerah Education Pte Ltd,IDR4.000.000 - 7.500.000,Bandung
Corporate Secretary (Mandarin),Fuse Nano Tekno,IDR15.000.000 - 24.000.000,Kembangan,Jakarta
DevOps Engineer,Confidential Company,null,Jakarta
Corporate Sales,Pt Password Solusi Sistem,IDR5.000.000 - 7.500.000,Jakarta
Business Development Officer ,PT. Prodata Sistem Teknologi,IDR4.000.000 - 6.000.000,Jakarta
Business Manager,Standardplus,IDR4.000.000 - 5.000.000,Bogor
HR Supervisor,PT. Mindo Small Business Solutions,IDR4.500.000 - 6.000.000,Yogyakarta
Account Executive (Sampang),PT Swakarya Insan Mandiri,IDR4.000.000 - 6.000.000,Sampang
Account Executive (Bangkalan),PT Swakarya Insan Mandiri,IDR4.000.000 - 6.000.000,Bangkalan
Warehouse Operation Manager,Jakmall.com,IDR10.000.000 - 15.000.000,Jakarta
Senior Fullstack Developer (Remote),Upscalix,IDR10.000.000 - 25.000.000,Semarang
Senior Fullstack Developer,Upscalix,IDR10.000.000 - 25.000.000,Semarang
Database Administrator,Indonesia Logistics Community Service,IDR14.000.000 - 18.000.000,Jakarta
Senior Fullstack Mobile Developer (Remote),Upscalix,IDR10.000.000 - 25.000.000,Semarang
Senior Fullstack Mobile Developer,Upscalix,IDR10.000.000 - 25.000.000,Semarang
Drone Pilot,PT Terra Drone Indonesia,IDR4.500.000 - 6.000.000,Bandung
Cloud Engineer,Abishar Technologies,IDR7.000.000 - 13.000.000,Jakarta
Accounting Officer,Open Labs,IDR4.500.000 - 6.000.000,Tangerang
Digital Marketing,PT Yong Kurniawan Akselera,IDR4.000.000 - 6.000.000,Tebet,Jakarta
SOSIAL MEDIA SPECIALIST,PT. Enerel Kosmetika Biotech,IDR2.500.000 - 4.500.000,Bantul
Quality Assurance Engineer Intern,Widya Imersif Teknologi,IDR1.000.000 - 1.200.000,Yogyakarta
Security Engineer,Abishar Technologies,IDR7.000.000 - 13.000.000,Jakarta
Teknisi Electonic,Mazuta Group,IDR4.000.000 - 5.500.000,Tangerang
General Manager /  Director of Operations / Operation Director,CV Joil Tappa Arta,IDR7.000.000 - 12.000.000,Sawah Besar,Jakarta
Associate Product Manager,Bima Sakti Alterra,IDR6.500.000 - 9.000.000,Denpasar
Network Operation Centre (NOC) Officer,PT. Multi Kontrol Nusantara,IDR4.000.000 - 55.005.000,Kuningan,Jakarta
Government Relations Manager,MICHAT PTE LIMITED,IDR15.000.000 - 20.000.000,Jakarta
Finance and Accounting Manager,PT. INTI BERSAUDARA UTUH,IDR9.000.000 - 12.500.000,Kuningan,Jakarta
SALES COPYWRITER,Lastday Production,IDR4.000.000 - 5.000.000,Tangerang
Software Quality Assurance,Mitramas Infosys Global,IDR5.500.000 - 7.000.000,Tebet,Jakarta
IT Business Analyst,PT Chrombit Digital Lab,IDR4.500.000 - 8.000.000,Jakarta
Financial Services Sales and Partnership Lead,Youtap Indonesia,IDR10.000.000 - 15.000.000,Jakarta
Content Creator Tiktok,PT. Tripacific Electrindo,IDR4.500.000 - 5.000.000,Gambir,Jakarta
Marketing Communication,Pt. Exacom Abadi Sentosa,IDR4.500.000 - 8.000.000,Cakung,Jakarta
Backend Java Engineer,Pt Digital Talent Indonesia,IDR10.000.000 - 20.000.000,Kuningan,Jakarta
INTERIOR DESIGNER,PT. JOOP FINE INTERIORS,IDR7.000.000 - 8.000.000,Tanah Abang,Jakarta
STAFF DATA ANALYST,PT Unitedtronik Perkasa Sejahtera,IDR3.500.000 - 4.000.000,Semarang
Management Representative (MR),Pt. Multi Optimal Roda Internusa,IDR5.000.000 - 6.500.000,Bogor
Human Resources,PT. Mega Panen Abadi (Panama Sandal),IDR3.800.000 - 4.000.000,Kembangan,Jakarta
Chief Technology Officer,Brainworx Solusi Integrasi,IDR10.000.000 - 30.000.000,Kebayoran Baru,Jakarta
internship,PT. Victory International Futures Group,IDR100 - 200,Surabaya
Sales Taking Order,PT. Dewata Kencana Distribusi,IDR2.000.000 - 2.000.100,Lumajang
IT Data Management,Grace Consult,null,Jakarta
STAF ACCOUNTING,Ziebart,IDR5.500.000 - 6.500.000,Surabaya
Medical Sales Representative,PT. Anugrah Sehat Abadi,IDR2.500.000 - 3.500.000,Sidoarjo
HR Intern,PT. Tripacific Electrindo,IDR1.700.000 - 2.000.000,Gambir,Jakarta
Pelaksana Lapangan ( MEP ),PT. Cahaya Teknindo Majumandiri,IDR4.000.000 - 4.300.000,Jakarta
Human Resources Officer,International Global Network,IDR4.300.000 - 5.000.000,Jakarta
Social Media Officer (Internship),Bekantan Creative,IDR190.000 - 200.000,Tanah Abang,Jakarta
Graphic Designer (Internship),Bekantan Creative,IDR190.000 - 200.000,Tanah Abang,Jakarta
Marketing Executive,Tribhakti Inspektama,IDR5.000.000 - 7.000.000,Jakarta
CHINESE TEACHER FOR KINDERGARTEN,Apple Tree Preschool BSD,IDR6.000.000 - 9.000.000,Tangerang
UI/UX designer,Article Thirty Six Design,IDR8.000.000 - 14.500.000,Tebet,Jakarta
Product Category Staff (Modern Market),PT. Casa Verde Indonesia (OT Group),IDR5.500.000 - 6.500.000,Cengkareng,Jakarta
Social Media Specialist,Scola.id,IDR2.000.000 - 3.000.000,Solo
Tiktok Content Creator,PT Gree Electric Appliances Indonesia,IDR5.000.000 - 7.000.000,Jakarta
Research and Development Staff,Pt. Global International Foods,IDR5.000.000 - 6.000.000,Tangerang
Marketing,Scola.id,IDR2.000.000 - 3.000.000,Solo
Implementator dan Trainer Software Akuntansi Accurate,Pt Szeto Ananda Cemerlang,IDR3.500.000 - 4.500.000,Jakarta
STAFF MARKETING,PT Semesta Lautan Energi,IDR2.500.000 - 3.500.000,Cempaka Putih,Jakarta
UI/UX Designer,International Centre for Industrial Transformation (INCIT),null,Batam
IT Application Architect,PT. Vlink Consulting Indonesia,IDR15.000.000 - 40.000.000,Jakarta
Manager Operasional,PT Wellgan Gemilang,IDR4.000.000 - 10.000.000,Surabaya
PIC (Person In Charge),PT. Potensi Media Elaborasi,IDR4.800.000 - 4.900.000,Karawang
Fullstack Developer,International Centre for Industrial Transformation (INCIT),null,Batam
CUSTOMER RELATIONSHIP OFFICER,CV CERGAS KREATIF KONSULTINDO,IDR6.000.000 - 7.000.000,Jakarta
Digital Sales Executive,Landx,IDR7.000.000 - 13.000.000,Kelapa Gading,Jakarta
Digital Sales Executive,Landx,IDR7.000.000 - 13.000.000,Kelapa Gading,Jakarta
FINANCE ACCOUNTING AND TAX,PT SHAN HAI MAP,IDR5.000.000 - 8.000.000,Grogol Petamburan,Jakarta
Senior Business Development,XCIDIC,IDR15.000.000 - 25.000.000,Jakarta
Marketing Communication Officer,BFI Technologies,IDR4.700.000 - 7.000.000,Jakarta
Corporate Sales,PT Dua Naga Kosmetindo,IDR4.000.000 - 6.000.000,Surabaya
Business Development,Pt Super Spring,IDR100 - 5.500.000,Tanah Abang,Jakarta
Sales Manager,Kolabora Group,IDR8.000.000 - 11.000.000,Tangerang
Sales Digital Manager,Indonesia Mobile Exchange,IDR10.000.000 - 20.000.000,Gambir,Jakarta
Cloud Engineer,Sysdata.id,IDR5.000.000 - 5.500.000,Jakarta
Partnership dan Marketing Co-Branding Aplikasi e-Money,PT Bimasakti Multi Sinergi,IDR5.000.000 - 7.000.000,Sidoarjo
Sales Marketing,PT Sunny Garden Property,IDR4.200.000 - 7.000.000,Tangerang
IT SUPPORT,Pt Hade Sejati Pratama,IDR5.000.000 - 7.000.000,Gambir,Jakarta
PHP Laravel,Pt Satkomindo Mediyasa,IDR5.750.000 - 8.750.000,Jakarta
HRD Admin Executive,Voxxy Media,IDR5.000.000 - 6.000.000,Kuningan,Jakarta
IT LEAD / IT PM,PT Chrombit Digital Lab,IDR8.000.000 - 16.000.000,Jakarta
Research and Development Staff,PT. Sukses Sejati Internasional,IDR4.500.000 - 6.000.000,Tangerang
Creative Director,Adminkita.com,IDR4.000.000 - 5.000.000,Kembangan,Jakarta
Customer Consultant (Wanita),Pt. Exacom Abadi Sentosa,IDR5.000.000 - 7.000.000,Cakung,Jakarta
SALES AREA KALIMANTAN,Pt Waktu Cipta Dimensi,IDR6.000.000 - 8.000.000,Jakarta
School Branch Manager - Pondok Indah,PT. Koding Next Indonesia,IDR6.000.000 - 7.000.000,Pondok Indah,Jakarta
Social Media Specialist,Banananina (Bekasi),IDR5.000.000 - 7.000.000,Bekasi
Client Relationship Officer,Mitragrafia,null,Jakarta
Sales Representative,PT Dua Naga Kosmetindo,IDR4.000.000 - 6.000.000,Surabaya
Application Operation Support,Pt. Putra Perdana International,null,Jakarta
Application Development & Support,Pt. Putra Perdana International,null,Jakarta
Market Place Operation,Pt Waktu Cipta Dimensi,IDR4.600.000 - 6.000.000,Cengkareng,Jakarta
PPIC Staff,Pt. Global International Foods,IDR4.500.000 - 5.000.000,Tangerang
Admin Online Market Place,Pt Waktu Cipta Dimensi,IDR4.600.000 - 6.000.000,Cengkareng,Jakarta
IT Database Addministrator,PT Infomedia Nusantara,IDR4.500.000 - 5.500.000,Jakarta
Warehouse Staff,Pt Mitra Kreasi Natural,IDR4.640.000 - 6.000.000,Jakarta
IT Quality Control,PT Data Bina Solusindo,null,Jakarta
Sales Executive,Open Labs,IDR4.500.000 - 5.000.000,Jakarta
Accountant / Bookkeeper,A For Effort,IDR8.000.000 - 10.000.000,Mampang Prapatan,Jakarta
STAFF WAREHOUSE - KARAWACI TANGERANG,The Fashion Fairy,IDR1.700.000 - 2.400.000,Tangerang
Marketing Executive,PT Dua Naga Kosmetindo,IDR2.500.000 - 5.000.000,Solo
Sales / Account Relation,SevenPack,IDR3.000.000 - 4.500.000,Tangerang
GRAPHIC DESIGNER,CV. DWI KRAFI,IDR4.500.000 - 5.000.000,Bekasi
Teknisi Mikrobiologi,Pt Sahabat Lingkungan Hidup,IDR100 - 200,Surabaya
Account Manager - Business Development,Pt Yipu Teknologi Alami,IDR3.000.000 - 6.000.000,Yogyakarta
PRESALES ENGINEER (AUDIO  and PA SYSTEM),Pt. Integra Mitra Solusi,IDR4.000.000 - 6.500.000,Penjaringan,Jakarta
Graphic / Brand Designer,PT Dua Naga Kosmetindo,IDR3.000.000 - 5.000.000,Solo
Warehouse Manager,PT. Java Vapor Indonesia,IDR5.000.000 - 6.500.000,Surabaya
Finance and Accounting Manager,Gear Up,IDR20.000.000 - 25.000.000,Jakarta
Training Services (Accounting),Mekari,IDR5.000.000 - 6.000.000,Jakarta
ASSISTANT MANAGER,Pt Pancajaya Sejati,IDR5.000.000 - 7.500.000,Bandung
Design Graphic,PORTEE GOODS,IDR3.000.000 - 4.500.000,Bandung
Design Graphic,Lthrkrft LeatherGoods,IDR3.000.000 - 4.500.000,Bandung
Content Creator,Lilybelleclothing,IDR4.000.000 - 6.000.000,Taman Sari,Jakarta
Sales Acquisitions,PT Sekaya Indonesia,IDR4.000.000 - 6.000.000,Jakarta
Content Creator,PT Arte Kreasi Indonesia,IDR3.900.000 - 4.500.000,Bandung
Field Sales Executive,Lingotalk,IDR4.500.000 - 5.300.000,Jakarta
Restaurant Manager Lampung,Sushi Tei Indonesia,null,Bandar Lampung
Chef de Partie Lampung,Sushi Tei Indonesia,null,Bandar Lampung
Chef de Partie Solo,Sushi Tei Indonesia,null,Solo
Chef de Partie Jogja,Sushi Tei Indonesia,null,Yogyakarta
Sales Manager,Hiip Asia,null,Jakarta
QA Software,Total IT,IDR5.000.000 - 8.000.000,Jakarta
Sales and Marketing Executive,Solid Gold Berjangka,IDR4.600.000 - 12.000.000,Tanah Abang,Jakarta
Staff HRD / Personalia / Human Resource Staff,Toko Tiga,IDR5.000.000 - 8.000.000,Tambora,Jakarta
General Admin - Jakarta Area,DPE,IDR3.500.000 - 4.000.000,Jakarta
Business Development Staff,PT. Onna Prima Utama,IDR6.000.000 - 7.000.000,Jakarta
DevOps Engineer,PT. Rekruter Digital Indonesia,IDR10.000.000 - 16.000.000,Jakarta
Site Reliability Engineer,PT. Rekruter Digital Indonesia,IDR10.000.000 - 16.000.000,Jakarta
HRD dan GA,PT Fajar Lestari Sejati,IDR5.000.000 - 8.000.000,Cengkareng,Jakarta
Translation and Admin Intern (Mandarin-Bahasa Indonesia),International Cultural Communication Center Malaysia,IDR1.000.000 - 2.000.000,Abang
GUDANG WAREHOUSE LOGISTIC,Pt Canny Elevator Indonesia,IDR3.000.000 - 4.000.000,Menteng,Jakarta
Sales and Marketing Supervisor,Pt Mode Karya Indonesia,IDR5.000.000 - 6.000.000,Penjaringan,Jakarta
Research Executive,Deka Marketing Research,IDR5.000.000 - 5.500.000,Kebayoran Baru,Jakarta
Graphic Designer,Bocorocco Shoes,IDR5.000.000 - 8.000.000,Tangerang
Staff HRD,Pt. Equityworld Praxis Surabaya,IDR4.370.000 - 4.370.100,Surabaya
Pelaksana Workshop,PT Pelitamaju Multiswakarsa,IDR4.000.000 - 4.300.000,Bogor
Accounting Officer,Rakamin Academy,IDR4.800.000 - 5.500.000,Jakarta
Finance Accounting and Tax,PT Pelitamaju Multiswakarsa,IDR4.500.000 - 4.700.000,Kebon Jeruk,Jakarta
Java Developer (J2EE),PT ALFAHUMA REKAYASA TEKNOLOGI,IDR5.000.000 - 12.000.000,Kuningan,Jakarta
Creative Designer (Banjarmasin),MLYSS,IDR3.250.000 - 4.500.000,Banjarmasin
Data Engineer,Brainworx Solusi Integrasi,IDR4.600.000 - 10.000.000,Kebayoran Baru,Jakarta
Product Owner,PT Solusi Moodah Indonesia,IDR6.000.000 - 7.000.000,Kuningan,Jakarta
Graphic Designer,Vector Interactive,IDR4.500.000 - 5.000.000,Jakarta
Back-End Developer,Vector Interactive,IDR4.500.000 - 5.000.000,Jakarta
Front-End Developer,Vector Interactive,IDR4.500.000 - 5.000.000,Jakarta
PART TIME - HOST LIVE STREAMING,MIYO BEAUTY,IDR1.500.000 - 2.500.000,Tangerang
Quality Engineering Intern,Rakamin Academy,IDR1.000.000 - 1.500.000,Jakarta
Account Marketing Representative Palopo,SIMGROUP,IDR3.500.000 - 5.000.000,Palopo
KIMIA MEDAN AGUS SALIM DAN TASBIH,Edulab Indonesia,IDR2.500.000 - 3.500.000,Medan
Senior Accounting,Travelio,IDR8.000.000 - 9.500.000,Gambir,Jakarta
HR Recruitment/Talent Acquisition Staff,CV SATYA NATURA INDONESIA,IDR4.650.000 - 5.500.000,Penjaringan,Jakarta
Marketing Communication,LIVESMART INDONESIA,IDR4.500.000 - 5.800.000,Tangerang
Office Administrative Assistant,A For Effort,IDR5.500.000 - 6.500.000,Mampang Prapatan,Jakarta
Java Developer,Adinata Mitra Solusi,IDR4.500.000 - 12.500.000,Jakarta
Sales Executive Bandung,Jakmall.com,IDR2.000.000 - 4.000.000,Bandung
NET Developer,Adinata Mitra Solusi,IDR4.500.000 - 12.500.000,Jakarta
Team Leader,PT Tata Bisnis Solusi,IDR4.500.000 - 6.000.000,Jakarta
Digital Marketing / Ads Specialist Perumahan Jogja,PT Jogja Graha Selaras,IDR2.000.000 - 3.600.000,Yogyakarta
Head of Game,Avarik Saga Universe,null,Jakarta
Staff Gudang,PT Benteng Multi Indotama,IDR4.000.000 - 4.600.000,Jakarta
Talent Acquisition Specialist,PT. Indonesia Premium Goods,IDR4.650.000 - 5.000.000,Bekasi
Sales Executive Bandung,PT Jakarta Digital Nusantara,IDR2.000.000 - 4.000.000,Bandung
Marketing and Sales Hidroponik,PT. Tripacific Electrindo,IDR4.500.000 - 5.000.000,Kembangan
Sales Support,PT Fajar Lestari Sejati,IDR4.600.000 - 5.000.000,Cengkareng,Jakarta
IT Business Analyst,PT. Nawa Data Solutions,IDR7.000.000 - 12.000.000,Jakarta
Sales,PT. Haswara Anjaya Akeh,IDR3.200.000 - 3.250.000,Surabaya
Business Development Lead - based in Jakarta only,Justnile Sea Pte Ltd,IDR6.000.000 - 8.000.000,Jakarta
Digital Advertiser,Reven Kreatif Industri,IDR2.000.000 - 4.000.000,Malang
Android Developer,Confidential Company,null,Jakarta
Tax Supervisor,PT Sigap Prima Astrea,IDR6.500.000 - 7.500.000,Cempaka Putih,Jakarta
Finance,Pt.  Pachira Distrinusa,IDR5.000.000 - 5.600.000,Bekasi
Konten Kreator Wanita,Great Fortune Indonesia,IDR5.000.000 - 5.000.100,Cengkareng,Jakarta
Manager Food and Baverage,PT. Haswara Anjaya Akeh,IDR15.000.000 - 25.000.000,Denpasar
Marketing Food (Tangerang),Tirta Buana Kemindo,IDR4.000.000 - 6.000.000,Tangerang
Business Development - Yogyakarta,Pt. Carsome Indonesia,IDR3.000.000 - 3.300.000,Yogyakarta
Product Development,PT Merdis International,IDR7.000.000 - 9.000.000,Kuningan,Jakarta
Front-End Developer,Ikonsultan Inovatama,IDR20.000.000 - 30.000.000,Jakarta
Mobile Front End Developer,Ikonsultan Inovatama,IDR20.000.000 - 30.000.000,Jakarta
Web Developer,Ikonsultan Inovatama,IDR20.000.000 - 30.000.000,Jakarta
Flutter / Front End,Asean Fintech Group,IDR7.000.000 - 9.000.000,Semarang
IT System Operation Engineer,Htc Global Services,IDR4.600.000 - 5.000.000,Jakarta
Project Manager,Sinergia Consultant,IDR4.375.479 - 5.600.000,Surabaya
Design Grafis,Pt. Cahaya Sumber Sari,IDR4.000.000 - 5.000.000,Jakarta
Sales Promotion Event,PT. Warung Grup Indonesia,IDR3.500.000 - 7.000.000,Bogor
Digital Marketing and E-Commerce Staff,PT. Hexing Technology,IDR5.000.000 - 7.000.000,Kuningan,Jakarta
IT Product Manager,PT Osell Selection Indonesia,IDR7.000.000 - 9.000.000,Jakarta
Sales Admin/ Coordinator,Balidotcom,IDR4.500.000 - 5.000.000,Denpasar
Reconciliation and Settlement Specialist,PT Bimasakti Multi Sinergi,IDR4.000.000 - 5.000.000,Sidoarjo
IT Infra and Cloud Engineer,PT Brilliann Nuswantara Bhagawanta,IDR5.000.000 - 7.000.000,Cilandak
Marketing Manager,Majumapan Bangunindo,IDR8.000.000 - 10.000.000,Bogor
Live Streamer TikTok (Maternity Product),PT. ROCKETINDO,IDR5.000.000 - 7.000.000,Kemayoran,Jakarta
Live Streamer TikTok (Hair Care Product),PT. ROCKETINDO,IDR5.000.000 - 7.000.000,Kemayoran,Jakarta
Live Streamer TikTok (Beauty Product),PT. ROCKETINDO,IDR5.000.000 - 7.000.000,Kemayoran,Jakarta
SEO Specialist,Pt Pilar Timur Teknologi,IDR5.000.000 - 7.000.000,Jakarta
Partner Acquisition Executive (Shipper),Star Karlo Indonesia,IDR5.000.000 - 7.000.000,Kemayoran,Jakarta
Contact Center,PT Arah Environmental Indonesia (ARAH),IDR2.800.000 - 3.500.000,Semarang
Information Technology Consultant (Konsultan IT),PT Quantum Sistem Intermatika,IDR4.000.000 - 6.000.000,Bekasi
Sekretaris,PT INDIGITAL SEMUA BISA,IDR5.000.000 - 5.500.000,Gambir,Jakarta
Senior React Native Developer,Sysdata.id,IDR12.000.000 - 20.000.000,Jakarta
Senior DOTNET Developer,Sysdata.id,IDR12.000.000 - 20.000.000,Jakarta
Head of Sales - Area Jawa Tengah,PT. Casa Verde Indonesia (OT Group),IDR20.000.000 - 25.000.000,Semarang
Social Media Coordinator,Lastday Production,IDR4.500.000 - 5.000.000,Tangerang
Guru Matematika,Bimbel Genesis,IDR3.000.000 - 6.000.000,Kebon Jeruk,Jakarta
Guru Inggris,Bimbel Genesis,IDR3.000.000 - 6.000.000,Kebon Jeruk,Jakarta
Desk Collection Manager,Pt Abadi Sejahtera Finansindo,IDR10.000.000 - 15.000.000,Tangerang
Android Developer (Kotlin),Adinata Mitra Solusi,IDR4.500.000 - 12.000.000,Jakarta
Flutter Developer,Adinata Mitra Solusi,IDR4.500.000 - 12.000.000,Jakarta
General Affair - Operational Supervisor,Pt Yipu Teknologi Alami,IDR3.500.000 - 5.000.000,Yogyakarta
Key Account Manager,PT Mica Jaya Pratama,IDR10.000.000 - 11.000.000,Penjaringan,Jakarta
Graphic Designer and Creative (Alam Sutera),PT Inovasi Estetika Nusantara,IDR4.000.000 - 5.000.000,Tangerang
Frontend Engineer (Next),Netra,IDR10.000.000 - 30.000.000,South Tangerang
Personal Assistant CEO,Lilybelleclothing,IDR4.000.000 - 5.500.000,Tambora,Jakarta
Graphic Designer and Creative (Alam Sutera),PT Tumbuh Bareng Careskin,IDR4.000.000 - 5.000.000,Tangerang
Assistant Manager Payment Gateway,PT Bimasakti Multi Sinergi,IDR7.000.000 - 10.000.000,Sidoarjo
Senior Architect,PT Global Multindo Cipta,IDR6.000.000 - 7.000.000,Surabaya
Payment Gateway Manager,PT Bimasakti Multi Sinergi,IDR7.000.000 - 10.000.000,Sidoarjo
Field Application Scientist,PT. Pandu Biosains,IDR4.500.000 - 5.000.000,Kramat Jati,Jakarta
Head of Credit,Landx,IDR15.000.000 - 25.000.000,Kelapa Gading,Jakarta
Senior Finance Accounting Tax (FAT),PT. Kata Suhu Kita,IDR4.000.000 - 4.500.000,Yogyakarta
Specifier,TemanCEO,IDR5.000.000 - 7.000.000,Jakarta
Programer Web,BBR Institute,IDR3.000.000 - 8.000.000,Bandung
Graphic Designer,Mombee,IDR3.000.000 - 4.000.000,Medan
Videographer / Video Editor,Mombee,IDR3.000.000 - 4.000.000,Medan
IT Network and Security,PT SINERGI INFORMATIKA SEMEN INDONESIA,IDR7.000.000 - 8.000.000,Kuningan,Jakarta
CHINESE TEACHER FOR KINDERGARTEN,Apple Tree Preschool BSD,IDR6.000.000 - 9.000.000,Tangerang
Rental Marketing Officer (Sulawesi),PT. Serasi Autoraya,IDR3.000.000 - 4.000.000,Makassar
STAFF TAX AND ACCOUNTING,JIA Communications,IDR3.000.000 - 3.500.000,Kebayoran Baru,Jakarta
Full Stack Engineer [SAAS Startup] ,Omni Hotelier,IDR3.000.000 - 45.000.000,Denpasar
Estimator,PT Mustika Land,IDR6.000.000 - 8.000.000,Gambir,Jakarta
Project Manager,Hitachi eBworx Sdn Bhd,null,Jakarta
Senior Frontend Developer,PT Brilliann Nuswantara Bhagawanta,IDR10.000.000 - 20.000.000,Cilandak,Jakarta
People Development Officer,PT Nipindo Primatama,IDR6.000.000 - 7.500.000,Kelapa Gading,Jakarta
Account Manager,Code and Clue (PT CIPTA NALAR CAKRAWALA),IDR7.000.000 - 12.000.000,Blok M,Jakarta
Sales KPR Mortgage Bank CIMB Niaga,PT Sumber Daya Menamas-prime Resources,IDR2.000.000 - 5.000.000,Tebet,Jakarta
Area Sales Manager B2B,PT. Usaha Pintar Pratama,IDR6.000.000 - 8.000.000,Jakarta
Purchasing Management Trainee,Pt. Cemerlang Multimedia,IDR4.000.000 - 5.000.000,Bandung
QC/QA Management Trainee,Pt. Cemerlang Multimedia,IDR4.000.000 - 5.000.000,Bandung
Lowongan Kerja - Sales Executive - Bogor,PT Akurat Intan Madya,null,Bogor
Desk Collection,JULO,IDR4.000.000 - 4.300.000,Tangerang
IPQC ( In-Process Quality Control) Staff,PT Esco Bintan Indonesia,IDR4.500.000 - 6.000.000,Tanjungpinang
Developer (Java),Adicipta Inovasi Teknologi,null,Jakarta
System Analyst (Java),Adicipta Inovasi Teknologi,null,Jakarta
Customer Service,UVINDO Digital Print,null,Yogyakarta
Frontliner Perbankan,PT. Mutualplus Global Resources (Jakarta Representative),IDR4.500.000 - 4.700.000,Jakarta
System Analyst (.Net),Adicipta Inovasi Teknologi,null,Jakarta
Digital Marketing,PT. Java Vapor Indonesia,IDR3.500.000 - 4.300.000,Surabaya
Social Media Specialist,PT. Java Vapor Indonesia,IDR3.500.000 - 4.300.000,Surabaya
SAP Ariba,Avows Technologies,IDR25.000.000 - 30.000.000,Jakarta
SAP FICO,Avows Technologies,IDR25.000.000 - 30.000.000,Jakarta
Admin Finance (Semarang),PT White Dove Indonesia,IDR2.715.000 - 2.715.100,Semarang
Human Capital and General Affair,Pt. Global International Foods,IDR4.700.000 - 5.000.000,Tangerang
Accounting Tax,PT Gofit Inspirasi Indonesia,IDR4.200.000 - 4.500.000,Antasari,Jakarta
Senior Business Development,Rakamin Academy,IDR7.000.000 - 9.000.000,Jakarta
IT NETWORK ENGINEER,PT. ALL DATA INTERNATIONAL,IDR6.000.000 - 10.000.000,Kebon Jeruk,Jakarta
Field Service Engineer,PT. Pandu Biosains,IDR4.500.000 - 5.000.000,Kramat Jati,Jakarta
EMPLOYEE BENEFIT SUPERVISOR,PT Societo General Sinergi,IDR6.000.000 - 10.000.000,Setiabudi,Jakarta
Coach Mathematics Medan Johor dan Agus Salim,Edulab Indonesia,IDR3.000.000 - 3.500.000,Medan
  Customer Service Specialist (Malay Language),Cerah Education Pte Ltd,IDR4.000.000 - 6.000.000,Yogyakarta
Sales Used Car Jabodetabek,PT Teknologi Usaha Nusantara (Broom.id),IDR5.000.000 - 8.000.000,Jakarta
Marketing Intelligent/Marketing Research,Confidential Company,null,Jakarta
UI/UX Designer,MadeIndonesia,IDR3.500.000 - 5.500.000,Sleman
Admin Marketplace,PT NATURALVA HERBA INDONESIA,IDR2.500.000 - 4.000.000,Cikarang
Insinyur Penghijauan,Confidential Company,null,Palu
Senior Public Relation,Confidential Company,null,Jakarta
Tax Accountant,Confidential Company,null,Jakarta
Marketing Manager,PT. Global Pasifik Prima,null,Jakarta
Junior Engineer,PT Weebz Mandiri,IDR4.000.000 - 5.000.000,Bekasi
IT Security Engineer,Koltiva,null,Jakarta
Data Scientist,Koltiva,null,Jakarta
STAFF FINANCE MANDARIN,PT Win Access Telecommunucation (Vivo),IDR5.000.000 - 8.000.000,Penjaringan,Jakarta
Product Designer,Jala Tech,IDR6.000.000 - 7.000.000,Sleman
Payroll Services Officer,PT Pro-Int Dinamika,IDR4.600.000 - 5.500.000,Kembangan,Jakarta
HR Translator,Confidential Company,null,Palu
EdTech Senior UI/UX Designer,Geniebook Pte Ltd,IDR8.000.000 - 15.000.000,Surabaya
Release Engineer (Project Telco),Abishar Technologies,IDR10.000.000 - 15.000.000,Jakarta
Flutter Developer - (Freelance),Dot Indonesia,null,Jakarta
Supervisor Cabang Kelapa Gading - RustPro,PT DOMO MANAJEMEN GRUP (DOKTER MOBIL INDONESIA),IDR4.000.000 - 4.500.000,Kelapa Gading,Jakarta
Account Manager (FEMALE) - Bali,Pt Cibes Lift Indonesia,IDR5.000.000 - 7.000.000,Denpasar
Network Engineering Supervisor,Pt. Cemerlang Multimedia,IDR7.000.000 - 8.000.000,Bandung
Staff HR Recruitment,PT Bhakti Satria Persada,null,Bekasi
Social Media Officer,Pennyu Group,IDR2.900.000 - 3.500.000,Semarang
Sales Representative Jakarta,PT Aku Pintar Indonesia,Masuk untuk lihat perkiraan gaji oleh Glints.,Jakarta
Sales and Marketing Executive,Adminkita.com,IDR4.000.000 - 5.000.000,Kembangan,Jakarta
Account Manager Jr,PT. Global Infotech Solutions,IDR4.600.000 - 6.000.000,Jakarta
DevOps Engineer,R/GA,null,Jakarta
Supervisor Jr (MEP),PT. Cahaya Teknindo Majumandiri,IDR4.000.000 - 4.300.000,Kebon Jeruk,Jakarta
INTERNSHIP SOCIAL MEDIA SPECIALIST,Nyne Creative Agency,IDR1.000.000 - 1.500.000,Penjaringan,Jakarta
Graphic Design Internship,Nyne Creative Agency,IDR1.000.000 - 1.500.000,Penjaringan,Jakarta
Sales Online,Yuvita Collections,IDR2.000.000 - 3.000.000,Tangerang
Purchasing Import,PT. Makmur Abadi Puri,null,Jakarta
Content Creator,Lilybelleclothing,IDR4.000.000 - 5.000.000,Taman Sari,Jakarta
Product Specialist - Accurate Accounting Software,Pt Cipta Piranti Sejahtera,IDR4.500.000 - 5.000.000,Tangerang
SALES PEREMPUAN,Osbond Gym,IDR4.500.000 - 5.000.000,Jakarta
Fullstack Developer  (Urgent Remote Work 2 Month Project Based),PT Okta Prima Mulya,IDR6.500.000 - 10.000.000,Jakarta
Canvasser Banda,Myrobin,IDR4.100.000 - 4.300.000,Bogor
Virtual Assistant (Zoho CRM-experienced),Upscalix,IDR3.500.000 - 5.000.000,Semarang
Merketing and Sales FnB,PT Daginng Grup Indonesia,IDR4.300.000 - 7.000.000,Tangerang
NodeJs Developer (Junior - Senior),PT Karun Inovasi Lestari,IDR5.000.000 - 25.000.000,Jakarta
React Native Developer (Junior - Senior),PT Karun Inovasi Lestari,IDR5.000.000 - 25.000.000,Jakarta
Store Specialist Bogor,PT Mitra Kerja Utama,IDR4.200.000 - 4.300.000,Bogor
Sales Executive (Jakarta Based),Colearn,IDR5.000.000 - 5.500.000,Jakarta
Host Live Stream in Skincare Company - Night Shift,Le d'Olla,IDR1.500.000 - 2.000.000,Tangerang
Android Developer,PT. Rekruter Digital Indonesia,IDR9.000.000 - 15.000.000,Cakung,Jakarta
Videographer,Pt Via Pulsa Global Indonesia,IDR2.300.000 - 3.000.000,Yogyakarta
ACCOUNT EXECUTIVE - BALI,Pt Luna Aplikasi Indonesia,IDR3.000.000 - 4.000.000,Denpasar
SQL Database Administrator,Sysdata.id,IDR4.800.000 - 5.200.000,Jakarta
Marketing communication Tiktok,PT. Tripacific Electrindo,IDR4.500.000 - 5.000.000,Gambir,Jakarta
Customer Service cum Operation Executive,IWG E-Sports Sdn Bhd,IDR7.000.000 - 10.000.000,Jakarta
OUTBOUND CALLL CENTER,Pt Waktu Cipta Dimensi,IDR4.500.000 - 6.000.000,Jakarta
Sales Promotion,PT. Warung Grup Indonesia,IDR3.500.000 - 7.000.000,Bogor
Fullstack-Engineering (Senior),PT Anura Teknologi Finansial,Masuk untuk lihat perkiraan gaji oleh Glints.,Kebayoran Baru,Jakarta
Customer Service - sales,wisatapreneur daring indonesia,IDR5.000.000 - 15.000.000,Bekasi
Presales Engineer,PT. Hexing Technology,IDR7.000.000 - 10.000.000,Kuningan,Jakarta
 Bar Manager,PT. Haswara Anjaya Akeh,IDR15.000.000 - 25.000.000,Denpasar
Revenue Manager,PT. Haswara Anjaya Akeh,IDR15.000.000 - 25.000.000,Denpasar
Graphic Designer Intern,GoWork,IDR2.200.000 - 3.300.000,Jakarta
Supporting Program - Intern,Foodizz,IDR500.000 - 500.100,Bandung
Vue Developer,PT Metalogix Infolink Persada,IDR10.000.000 - 15.000.000,Kuningan,Jakarta
Head of Sales - Area Jawa Barat,PT. Casa Verde Indonesia (OT Group),IDR20.000.000 - 25.000.000,Bandung
Digital Marketing,Confidential Company,null,Jakarta
Senior Software Engineering,EPG Group,IDR20.000.000 - 30.000.000,Jakarta
Sr.Technical Solution Consultant,OpenWay,null,Jakarta
Database Administrator,OpenWay,null,Jakarta
Backend Developer,PT United Teknologi Integrasi,Masuk untuk lihat perkiraan gaji oleh Glints.,Gambir,Jakarta
KOL Specialist,Lilybelleclothing,IDR3.000.000 - 5.000.000,Taman Sari,Jakarta
Copywriter,Lastday Production,IDR4.500.000 - 4.700.000,Tangerang
Development Staff,PT. Duta Generasi Mandiri,IDR4.700.000 - 5.500.000,Jakarta
Graphic Designer,Jala Tech,IDR5.000.000 - 7.500.000,Sleman
BUSINESS DEVELOPMENT EXECUTIVE FARMASI,PT Gracia Pharmindo,IDR100 - 200,Bandung
Business Development Manager,Jala Tech,IDR7.000.000 - 10.000.000,Sleman
DevOps Engineer,Zero One Group,IDR9.000.000 - 17.000.000,Jakarta
Teacher for kids - South Jakarta,PT. Koding Next Indonesia,IDR4.500.000 - 5.000.000,Pondok Indah,Jakarta
Content Creator,Hello Topper,IDR3.000.000 - 5.000.000,Cakung,Jakarta
Store Promotion Boy (Jakarta Barat dan Jakarta Selatan),Mazuta Group,IDR4.500.000 - 5.000.000,Grogol Petamburan,Jakarta
Production Support Middleware Engineer,Euronet Worldwide,IDR8.000.000 - 15.000.000,Cilandak,Jakarta
Education consultant (Sales) - South Jakarta,PT. Koding Next Indonesia,IDR4.500.000 - 5.000.000,Jakarta
Technical Lead,Pt Simplefi Teknologi Indonesia,IDR20.000.000 - 40.000.000,Jakarta
Accounting Staff,PT. Mutualplus Global Resources (Jakarta Representative),IDR5.000.000 - 6.000.000,Jakarta
Assistant Business Manager,ETM Metal Grup,IDR5.000.000 - 6.000.000,Jakarta
Design Grafis (Motion Graphic),Tazbiya Brands,IDR4.000.000 - 4.500.000,Setiabudi,Jakarta
Penetration Test,PT Avows Technologies,IDR5.000.000 - 7.500.000,Tangerang
Product Development Executive,Pt Inti Pesona Lestari,IDR5.000.000 - 8.000.000,Tangerang
Bussiness Development,CV Maju Mapan Group,IDR5.000.000 - 5.250.000,Surabaya
FINANCE ACCOUNTING AND TAX,PT SHAN HAI MAP,IDR5.000.000 - 8.000.000,Grogol Petamburan,Jakarta
AS/400 Developer,PT. Asian Sigma Technology,IDR12.000.000 - 17.000.000,Tangerang
Sales consultant,JayJay,USD300 - 800,Jakarta
MARKETING REFINANCING LUWUK,SIMGROUP,IDR3.500.000 - 5.000.000,Banggai
TENTOR MATEMATIKA,Edulab Indonesia,IDR3.000.000 - 3.500.000,Balikpapan
Sales Executive Hotel,PT Mustika Land,IDR4.000.000 - 5.500.000,Cikarang
Operations Staff,Pt Limas Sentosa Antarnusa,IDR2.250.000 - 2.500.000,Tambora,Jakarta
IT Teacher for kids - Surabaya,PT. Koding Next Indonesia,IDR4.400.000 - 5.000.000,Surabaya
SALES PROMOTION NOSE SANITIZER (BOGOR),PT. PERMATA INDO SEJAHTERA,IDR3.200.000 - 7.000.000,Bogor
Admin Produksi,Pt Pancajaya Sejati,IDR3.000.000 - 3.500.000,Bandung
Content and Partnership Specialist Intern (Rahasia Gadis),Bali United Football Club,null,Kebon Jeruk,Jakarta
Tiktok and Reels Content Specialist,MY Media,IDR3.000.000 - 4.300.000,Pondok Indah,Jakarta
Procurement Project Administrator,Pt Studio Artalenta Indonesia,IDR4.000.000 - 6.000.000,Badung
Produksi,Pt Sahabat Lingkungan Hidup,null,Surabaya
Software Engineer (Odoo-ERP),Impactfirst,IDR6.000.000 - 12.000.000,Jakarta
Animator 2d Webtoon,PT Manhwa Kita Culture,IDR5.800.000 - 7.000.000,Kebayoran Lama,Jakarta
Penanggung Jawab Tugas,Pt. Medica Indonesia,IDR3.000.000 - 4.000.000,Bekasi
Senior IT Infrastructure Engineer,Autentika,null,Jakarta
CREDIT MARKETING OFFICER BAU-BAU,SIMGROUP,IDR3.500.000 - 5.000.000,Bau
Education consultant - Surabaya,PT. Koding Next Indonesia,IDR4.300.000 - 5.000.000,Surabaya
Social Media Specialist (MAGANG - PAID),MemeFlorist,IDR500.000 - 875.000,Semarang
Store Manager,PT. Kultur Kopi Indonesia,IDR6.000.000 - 8.000.000,Jakarta
DevOps Engineer,Confidential Company,null,Jakarta
iOS Developer IT,PT. Paninti Hub Indonesia,IDR4.750.000 - 6.500.000,Kelapa Gading,Jakarta
MARKETING ADVISOR BALIKPAPAN,PT Fajar Lestari Sejati,IDR3.000.000 - 3.500.000,Balikpapan
Junior Associate,Trier Consulting,IDR4.000.000 - 5.000.000,Kalideres,Jakarta
Junior Fashion Designer,Ziel Kids,IDR4.500.000 - 5.500.000,Penjaringan,Jakarta
VIDEOGRAPHER and EDITOR,Pt Dapur Sehat Indonesia (healthy Go),IDR4.000.000 - 6.000.000,Tangerang
Mobile Engineer (Project Based),Braga Technologies,IDR4.000.000 - 6.000.000,Bandung
Backend Engineer (Project Based),Braga Technologies,IDR4.000.000 - 6.000.000,Bandung
Backend Developer Programmer Engineer,PT. Powerman Indonesia,IDR10.000.000 - 15.000.000,Cempaka Putih,Jakarta
admin gudang,PT Sanggar Jaya Abadi,IDR2.500.000 - 3.250.000,Cileunyi
Content Creator,Pt Jaya Evogad Mandiri,IDR3.700.000 - 5.500.000,Tangerang
Regional Sales Manager (RSM) Ethical Area Medan,PT Gracia Pharmindo,null,Medan
Customer Support - CRM Product,Mekari,IDR5.000.000 - 7.000.000,Jakarta
iOS Developer,PT. Rekruter Digital Indonesia,IDR15.000.000 - 16.000.000,Cakung,Jakarta
Sales Executive,Ziel Kids,IDR4.000.000 - 40.500.000,Jakarta
Sales Lead (Remote),PT. Reeracoen Indonesia,IDR20.000.000 - 30.000.000,Jakarta
Mobile Developer,Jala Tech,IDR5.000.000 - 7.000.000,Sleman
Fashion Merchandiser,Bocorocco Shoes,IDR5.000.000 - 7.000.000,Jakarta
Senior Recruiter,Aria,IDR7.000.000 - 9.000.000,Jakarta
UI/UX Designer,PT Arca Internasional,IDR5.000.000 - 6.000.000,Kelapa Gading,Jakarta
Customer Service,Gotosovie Indonesia,IDR2.000.000 - 2.500.000,Yogyakarta
Fotografer/Videografer,Lilybelleclothing,IDR3.500.000 - 4.500.000,Taman Sari,Jakarta
Finance-Accounting Executive,Pt Bigit Republik Aplikasi,IDR6.000.000 - 7.000.000,Tangerang
CORPORATE SECRETARY,PT Unitedtronik Perkasa Sejahtera,IDR3.500.000 - 4.000.000,Semarang
FINANCE STAFF,Pt Acc Express,IDR4.000.000 - 5.500.000,Jakarta
Aluminium Billet Caster Metallurgy Staff,PT INDONESIA ALUMINIUM ALLOY,IDR3.191.570 - 4.700.000,Medan
Leasing Staff,Marvell City Mall,IDR4.375.479 - 5.500.000,Surabaya
Content Writer,Pt Hui Huang Media,IDR4.000.000 - 6.000.000,Jakarta
Brand/Product Development,Pt Inti Pesona Lestari,IDR5.000.000 - 8.500.000,Tangerang
Procurement (Purchasing) Officer,Pt Dipa Pharmalab Intersains,IDR5.000.000 - 6.500.000,Kebayoran Lama,Jakarta
Coordinator Finance,Pt Surganya Motor Indonesia,IDR5.000.000 - 6.000.000,Bandung
Graduate Management Trainee,Solid Group Jakarta,IDR3.000.000 - 8.000.000,Tanah Abang,Jakarta
React Native Developer,Binar Academy,null,Jakarta
Content Creator and Scriptwriter,CV Joil Tappa Arta,IDR2.000.000 - 4.000.000,Jakarta
Freelance Illustrator - Surakarta,EDUKALOKA GROUP,null,Solo
Editor Teknik Informatika untuk Buku SMK - Surakarta,EDUKALOKA GROUP,null,Solo
UI/UX Designer,PT. Paninti Hub Indonesia,IDR4.500.000 - 6.000.000,Kelapa Gading,Jakarta
IT Development Manager,AsiaQuest Indonesia,IDR25.000.000 - 35.000.000,Menteng,Jakarta
Mobile Developer,PT. Ebdesk Teknologi,IDR4.750.000 - 5.000.000,Tangerang
Sales Social Media,Great Fortune Indonesia,IDR400.000 - 4.000.100,Cengkareng,Jakarta
Copywriter,Pt Via Pulsa Global Indonesia,IDR2.200.000 - 2.700.000,Yogyakarta
Digital Marketing Internship,PT. Mega Harapan Mulia (Kelas.com),IDR4.650.000 - 5.100.000,Grogol Petamburan,Jakarta
KOORDINATOR SALES LAPANGAN (DEPOK),PT. PERMATA INDO SEJAHTERA,IDR4.200.000 - 5.041.000,Depok
MANAGER OPERASIONAL,CV DUA TANGAN,IDR4.000.000 - 5.500.000,Probolinggo
Sales HORECA,Zeppelin Indonesia,IDR4.000.000 - 5.000.000,Jakarta
Brand Manager,Jala Tech,IDR7.000.000 - 9.000.000,Sleman
SALES ADMINISTRATION,PT Karya Mas Makmur,IDR1.500.000 - 3.000.000,Surabaya
Account Executive,GoSocial Indonesia,null,Surabaya
Admin Properti,Abdi Properti Indonesia,IDR4.000.000 - 5.000.000,Tanah Abang,Jakarta
Backend Programmer,PT. Ebdesk Teknologi,IDR4.500.000 - 5.200.000,Jakarta
PROMOTER STORE (PTC PALEMBANG),PT. Wickham International Indonesia,IDR3.200.000 - 5.000.000,Palembang
Android Developer,PT. Asian Sigma Technology,IDR12.000.000 - 15.000.000,Abang
Product Designer for Brand,PT Dua Naga Kosmetindo,IDR2.500.000 - 4.000.000,Solo
Brand Director,PT MeToo Beauty International,IDR10.000.000 - 20.000.000,Grogol Petamburan,Jakarta
MARKETING SIPIL,PT. Cahaya Teknindo Majumandiri,IDR4.500.000 - 5.000.000,Kebon Jeruk,Jakarta
Director of Live Streaming Operations,PT MeToo Beauty International,IDR10.000.000 - 20.000.000,Grogol Petamburan,Jakarta
SOCIAL MEDIA and CONTENT INTERN,PT. Medika Nusantara Gumilang,IDR100 - 200,Kebayoran Baru,Jakarta
SALES PERBANKAN,PT. Mutualplus Global Resources (Jakarta Representative),IDR4.500.000 - 5.000.000,Tanah Abang,Jakarta
Restaurant Manager,PT SURYA WIRA MANDIRI,IDR5.000.000 - 6.000.000,Balikpapan
Cyber Security Engineer,Pt Satkomindo Mediyasa,IDR5.750.000 - 12.250.000,Jakarta
Technical Operation Manager,Jala Tech,IDR8.000.000 - 12.000.000,Sleman
Content Creator,PT Mica Jaya Pratama,IDR4.500.000 - 5.000.000,Penjaringan,Jakarta
Marketing,PT. Grasindo Gemilang Mandiri,null,Jakarta
Mobile Apps Developer Denpasar,Cv Naresy Indonesia,IDR3.600.000 - 4.000.000,Denpasar
IT Specialist,PT. Hey Fish Indonesia,IDR25.000.000 - 30.000.000,Grogol Petamburan,Jakarta
Product Owner,Abishar Technologies,IDR8.000.000 - 12.600.000,Jakarta
Bussiness Representative  (Sales Retail),Pt. Integra Mitra Solusi,IDR3.500.000 - 5.500.000,Penjaringan,Jakarta
Marketing Copywriter,Reven Kreatif Industri,IDR1.500.000 - 3.500.000,Malang
Fullstack Developer,PT. ROCKETINDO,IDR13.000.000 - 20.000.000,Kemayoran,Jakarta
Science/Sains Teacher/Tutor,A For Effort,IDR8.000.000 - 10.000.000,Mampang Prapatan,Jakarta
Content Creator Part Time,Pt Best / Doctor Accu,IDR2.000.000 - 3.000.000,Tanah Abang,Jakarta
Product Manager,Sribuu,null,Jakarta
IT Helpdesk Admin,Pt. Dom Pizza Indonesia,IDR5.000.000 - 5.300.000,Jakarta
Back End Developer,Innocean,null,Jakarta
Photographer,Pt Via Pulsa Global Indonesia,IDR2.200.000 - 2.600.000,Yogyakarta
Full Stack/Front End Developer,Innocean,null,Jakarta
SALES EXECUTIVE,PT Manxi Image Perkasa,IDR1.500.000 - 8.000.000,Yogyakarta
sales gym BEKASI,Osbond Gym,IDR4.500.000 - 5.000.000,Bekasi
Fullstack Developer,Jala Tech,IDR4.500.000 - 7.000.000,Sleman
Staff Marketing,SIMGROUP,IDR4.000.000 - 5.500.000,Banjarmasin
Staff Marketing,SIMGROUP,IDR4.000.000 - 5.500.000,Balikpapan
Creative Director,Pt Tns Raksasa Indonesia,IDR6.000.000 - 8.000.000,Jakarta
UI/UX Designer,PT. Ebdesk Teknologi,IDR4.500.000 - 5.000.000,Grogol Petamburan,Jakarta
Public Relation Executive ( Wanita ),LABA ACADEMY,IDR750.000 - 2.000.000,Malang
Senior IT Project Manager,PT. Reeracoen Indonesia,IDR35.000.000 - 45.000.000,Tangerang
SALES IT (Jakarta),PT Onesia Nusantara Evolusi,IDR4.000.000 - 7.000.000,Jakarta
Teknisi VideoTron/VideoWall,PT Onesia Nusantara Evolusi,IDR4.000.000 - 7.000.000,Jakarta
Asisten Mandarin,Smart Computerindo,IDR4.000.000 - 7.000.000,Tangerang
TECHNICAL UPS,Smart Computerindo,IDR4.000.000 - 7.000.000,Tangerang
HOST LIVE/LIVE STREAMING,Pt Innovation Hongtai Technology,IDR4.000.000 - 8.000.000,Serpong
Content Creator Social Media Beauty,Sugar Bella Kosmetika,IDR4.400.000 - 5.000.000,Grogol Petamburan,Jakarta
SALES / PROMOTOR,PT. Hey Fish Indonesia,IDR4.000.000 - 5.500.000,Grogol Petamburan,Jakarta
Performance Marketing Analytics Manager,ilmuOne Data,IDR12.000.000 - 20.000.000,Jakarta
Operational Manager,PT Cakrawala Bumi Estetika,IDR10.000.000 - 15.000.000,Menteng,Jakarta
Ruby on Rails Backend Developer,Talent Basket,IDR4.000.000 - 5.500.000,Medan
Network Engineer,Pt Triutama Sistem Indonesia,IDR3.500.000 - 4.500.000,Surabaya
ADMIN FINANCE DPARAGON JAKARTA,Royal D'paragon Land,IDR3.500.000 - 3.700.000,Menteng,Jakarta
Staff Pajak dan Keuangan - Surabaya,CV. Mitra Berkat Bersama,IDR2.300.000 - 2.700.000,Surabaya
